SET session_replication_role = replica;

--
-- PostgreSQL database dump
--

-- Dumped from database version 17.4
-- Dumped by pg_dump version 17.4

SET statement_timeout = 0;
SET lock_timeout = 0;
SET idle_in_transaction_session_timeout = 0;
SET transaction_timeout = 0;
SET client_encoding = 'UTF8';
SET standard_conforming_strings = on;
SELECT pg_catalog.set_config('search_path', '', false);
SET check_function_bodies = false;
SET xmloption = content;
SET client_min_messages = warning;
SET row_security = off;

--
-- Data for Name: audit_log_entries; Type: TABLE DATA; Schema: auth; Owner: supabase_auth_admin
--

INSERT INTO "auth"."audit_log_entries" ("instance_id", "id", "payload", "created_at", "ip_address") VALUES
	('00000000-0000-0000-0000-000000000000', 'fa47653f-847a-4932-8367-97be6841d3a5', '{"action":"user_signedup","actor_id":"00000000-0000-0000-0000-000000000000","actor_username":"service_role","actor_via_sso":false,"log_type":"team","traits":{"provider":"email","user_email":"test@coaching-hub.local","user_id":"87fbcdc2-cef7-4e53-9e7e-15cdd37627ac","user_phone":""}}', '2025-08-12 00:58:52.622951+00', ''),
	('00000000-0000-0000-0000-000000000000', '440f517f-026f-4be9-8582-25a10c22d9c8', '{"action":"login","actor_id":"87fbcdc2-cef7-4e53-9e7e-15cdd37627ac","actor_name":"Test User","actor_username":"test@coaching-hub.local","actor_via_sso":false,"log_type":"account","traits":{"provider":"email"}}', '2025-08-12 00:59:30.703994+00', ''),
	('00000000-0000-0000-0000-000000000000', '330d7ee0-5f57-4d30-8286-ed466988caff', '{"action":"token_refreshed","actor_id":"87fbcdc2-cef7-4e53-9e7e-15cdd37627ac","actor_name":"Test User","actor_username":"test@coaching-hub.local","actor_via_sso":false,"log_type":"token"}', '2025-08-12 01:57:31.749109+00', ''),
	('00000000-0000-0000-0000-000000000000', '33c12d0f-c359-47b6-832b-7b9d1827af95', '{"action":"token_revoked","actor_id":"87fbcdc2-cef7-4e53-9e7e-15cdd37627ac","actor_name":"Test User","actor_username":"test@coaching-hub.local","actor_via_sso":false,"log_type":"token"}', '2025-08-12 01:57:31.755956+00', ''),
	('00000000-0000-0000-0000-000000000000', '33f460cd-6439-4931-b641-15124047626e', '{"action":"token_refreshed","actor_id":"87fbcdc2-cef7-4e53-9e7e-15cdd37627ac","actor_name":"Test User","actor_username":"test@coaching-hub.local","actor_via_sso":false,"log_type":"token"}', '2025-08-12 08:47:48.547089+00', ''),
	('00000000-0000-0000-0000-000000000000', 'be38a160-51dc-4ba0-b27f-5626f99f4ae3', '{"action":"token_revoked","actor_id":"87fbcdc2-cef7-4e53-9e7e-15cdd37627ac","actor_name":"Test User","actor_username":"test@coaching-hub.local","actor_via_sso":false,"log_type":"token"}', '2025-08-12 08:47:48.569823+00', ''),
	('00000000-0000-0000-0000-000000000000', 'd76737fa-7d4a-43f4-b74e-e61df5dff42a', '{"action":"login","actor_id":"87fbcdc2-cef7-4e53-9e7e-15cdd37627ac","actor_name":"Test User","actor_username":"test@coaching-hub.local","actor_via_sso":false,"log_type":"account","traits":{"provider":"email"}}', '2025-08-12 09:27:06.721544+00', ''),
	('00000000-0000-0000-0000-000000000000', '35686b87-bcff-485c-a6dc-9db9e2f049df', '{"action":"token_refreshed","actor_id":"87fbcdc2-cef7-4e53-9e7e-15cdd37627ac","actor_name":"Test User","actor_username":"test@coaching-hub.local","actor_via_sso":false,"log_type":"token"}', '2025-08-12 10:25:11.099259+00', ''),
	('00000000-0000-0000-0000-000000000000', '517a0caf-4a48-4135-804a-c543f23e307e', '{"action":"token_revoked","actor_id":"87fbcdc2-cef7-4e53-9e7e-15cdd37627ac","actor_name":"Test User","actor_username":"test@coaching-hub.local","actor_via_sso":false,"log_type":"token"}', '2025-08-12 10:25:11.110504+00', ''),
	('00000000-0000-0000-0000-000000000000', '665bcf2b-32cb-411a-b65e-daf4cfc3a583', '{"action":"token_refreshed","actor_id":"87fbcdc2-cef7-4e53-9e7e-15cdd37627ac","actor_name":"Test User","actor_username":"test@coaching-hub.local","actor_via_sso":false,"log_type":"token"}', '2025-08-12 11:23:19.083544+00', ''),
	('00000000-0000-0000-0000-000000000000', '3c3b80b4-d4bf-4cd3-8762-736f1584a440', '{"action":"token_revoked","actor_id":"87fbcdc2-cef7-4e53-9e7e-15cdd37627ac","actor_name":"Test User","actor_username":"test@coaching-hub.local","actor_via_sso":false,"log_type":"token"}', '2025-08-12 11:23:19.091852+00', ''),
	('00000000-0000-0000-0000-000000000000', '7c10ff53-0651-4fb8-bdcf-9114d54241bb', '{"action":"token_refreshed","actor_id":"87fbcdc2-cef7-4e53-9e7e-15cdd37627ac","actor_name":"Test User","actor_username":"test@coaching-hub.local","actor_via_sso":false,"log_type":"token"}', '2025-08-12 12:22:10.69668+00', ''),
	('00000000-0000-0000-0000-000000000000', '0738e45e-0edb-45e2-9714-537d40224a4b', '{"action":"token_revoked","actor_id":"87fbcdc2-cef7-4e53-9e7e-15cdd37627ac","actor_name":"Test User","actor_username":"test@coaching-hub.local","actor_via_sso":false,"log_type":"token"}', '2025-08-12 12:22:10.704814+00', ''),
	('00000000-0000-0000-0000-000000000000', 'e8533c2b-5125-44ba-8bfd-fc9b860795ff', '{"action":"token_refreshed","actor_id":"87fbcdc2-cef7-4e53-9e7e-15cdd37627ac","actor_name":"Test User","actor_username":"test@coaching-hub.local","actor_via_sso":false,"log_type":"token"}', '2025-08-12 13:20:37.541001+00', ''),
	('00000000-0000-0000-0000-000000000000', '02062f98-39b4-4875-b5f7-abdc03706539', '{"action":"token_revoked","actor_id":"87fbcdc2-cef7-4e53-9e7e-15cdd37627ac","actor_name":"Test User","actor_username":"test@coaching-hub.local","actor_via_sso":false,"log_type":"token"}', '2025-08-12 13:20:37.548171+00', ''),
	('00000000-0000-0000-0000-000000000000', '1c17c874-0e9e-4680-982a-d7f716601182', '{"action":"token_refreshed","actor_id":"87fbcdc2-cef7-4e53-9e7e-15cdd37627ac","actor_name":"Test User","actor_username":"test@coaching-hub.local","actor_via_sso":false,"log_type":"token"}', '2025-08-12 15:17:23.856769+00', ''),
	('00000000-0000-0000-0000-000000000000', '4876f732-5b0b-4822-ae5f-97043118cbb5', '{"action":"token_revoked","actor_id":"87fbcdc2-cef7-4e53-9e7e-15cdd37627ac","actor_name":"Test User","actor_username":"test@coaching-hub.local","actor_via_sso":false,"log_type":"token"}', '2025-08-12 15:17:23.876479+00', ''),
	('00000000-0000-0000-0000-000000000000', '508dec8c-cdcb-4d51-8359-d8c8ad9ab601', '{"action":"token_refreshed","actor_id":"87fbcdc2-cef7-4e53-9e7e-15cdd37627ac","actor_name":"Test User","actor_username":"test@coaching-hub.local","actor_via_sso":false,"log_type":"token"}', '2025-08-12 16:18:55.635135+00', ''),
	('00000000-0000-0000-0000-000000000000', '25ef46ae-fd07-4f33-845a-67322c076f37', '{"action":"token_revoked","actor_id":"87fbcdc2-cef7-4e53-9e7e-15cdd37627ac","actor_name":"Test User","actor_username":"test@coaching-hub.local","actor_via_sso":false,"log_type":"token"}', '2025-08-12 16:18:55.650003+00', ''),
	('00000000-0000-0000-0000-000000000000', '5fe19de7-92f9-44b4-ab06-dfa1e6703371', '{"action":"token_refreshed","actor_id":"87fbcdc2-cef7-4e53-9e7e-15cdd37627ac","actor_name":"Test User","actor_username":"test@coaching-hub.local","actor_via_sso":false,"log_type":"token"}', '2025-08-12 18:09:30.27687+00', ''),
	('00000000-0000-0000-0000-000000000000', 'e6b5c40f-4e86-43bc-b335-1f8acd0a375f', '{"action":"token_revoked","actor_id":"87fbcdc2-cef7-4e53-9e7e-15cdd37627ac","actor_name":"Test User","actor_username":"test@coaching-hub.local","actor_via_sso":false,"log_type":"token"}', '2025-08-12 18:09:30.292107+00', ''),
	('00000000-0000-0000-0000-000000000000', '49ae6c9a-2de6-4812-b78d-59775a2ca9b8', '{"action":"user_confirmation_requested","actor_id":"e59a7e09-a0af-451f-a58c-7484b9636e09","actor_username":"gunnar.finkeldeh@gmail.com","actor_via_sso":false,"log_type":"user","traits":{"provider":"email"}}', '2025-08-12 18:18:53.816321+00', ''),
	('00000000-0000-0000-0000-000000000000', '1f836c45-e358-4525-941a-3a9ed7353f9a', '{"action":"user_signedup","actor_id":"e59a7e09-a0af-451f-a58c-7484b9636e09","actor_username":"gunnar.finkeldeh@gmail.com","actor_via_sso":false,"log_type":"team","traits":{"provider":"email"}}', '2025-08-12 18:19:54.96289+00', ''),
	('00000000-0000-0000-0000-000000000000', 'd63a6b76-fd9a-45f9-9391-b8f302dc1319', '{"action":"token_refreshed","actor_id":"e59a7e09-a0af-451f-a58c-7484b9636e09","actor_username":"gunnar.finkeldeh@gmail.com","actor_via_sso":false,"log_type":"token"}', '2025-08-12 19:28:04.739752+00', ''),
	('00000000-0000-0000-0000-000000000000', '94fd9c39-a566-4292-af6e-4a7958d4059d', '{"action":"token_revoked","actor_id":"e59a7e09-a0af-451f-a58c-7484b9636e09","actor_username":"gunnar.finkeldeh@gmail.com","actor_via_sso":false,"log_type":"token"}', '2025-08-12 19:28:04.747894+00', ''),
	('00000000-0000-0000-0000-000000000000', 'd2b8b2a5-5293-4112-bf50-cbf77cc6b15e', '{"action":"token_refreshed","actor_id":"e59a7e09-a0af-451f-a58c-7484b9636e09","actor_username":"gunnar.finkeldeh@gmail.com","actor_via_sso":false,"log_type":"token"}', '2025-08-12 20:29:37.525225+00', ''),
	('00000000-0000-0000-0000-000000000000', 'a45d8e24-589e-4e2c-96cc-0e77d30d711b', '{"action":"token_revoked","actor_id":"e59a7e09-a0af-451f-a58c-7484b9636e09","actor_username":"gunnar.finkeldeh@gmail.com","actor_via_sso":false,"log_type":"token"}', '2025-08-12 20:29:37.53102+00', ''),
	('00000000-0000-0000-0000-000000000000', '9305d6c4-4596-4da4-b7e0-f277b3bd7aee', '{"action":"token_refreshed","actor_id":"e59a7e09-a0af-451f-a58c-7484b9636e09","actor_username":"gunnar.finkeldeh@gmail.com","actor_via_sso":false,"log_type":"token"}', '2025-08-12 21:31:46.607466+00', ''),
	('00000000-0000-0000-0000-000000000000', '8bd54e61-c5c8-4757-bf7e-6713e397c219', '{"action":"token_revoked","actor_id":"e59a7e09-a0af-451f-a58c-7484b9636e09","actor_username":"gunnar.finkeldeh@gmail.com","actor_via_sso":false,"log_type":"token"}', '2025-08-12 21:31:46.613702+00', ''),
	('00000000-0000-0000-0000-000000000000', '5a515c30-f043-4859-bed1-9551bc325ea2', '{"action":"token_refreshed","actor_id":"e59a7e09-a0af-451f-a58c-7484b9636e09","actor_username":"gunnar.finkeldeh@gmail.com","actor_via_sso":false,"log_type":"token"}', '2025-08-12 22:29:58.44056+00', ''),
	('00000000-0000-0000-0000-000000000000', '8f6dc79e-7624-4779-8d05-ebd17988bd81', '{"action":"token_revoked","actor_id":"e59a7e09-a0af-451f-a58c-7484b9636e09","actor_username":"gunnar.finkeldeh@gmail.com","actor_via_sso":false,"log_type":"token"}', '2025-08-12 22:29:58.447213+00', ''),
	('00000000-0000-0000-0000-000000000000', '9a46caff-0f6f-4ce6-9e24-623061af34fa', '{"action":"token_refreshed","actor_id":"e59a7e09-a0af-451f-a58c-7484b9636e09","actor_username":"gunnar.finkeldeh@gmail.com","actor_via_sso":false,"log_type":"token"}', '2025-08-12 23:28:08.621888+00', ''),
	('00000000-0000-0000-0000-000000000000', '6310388d-eb55-4415-bd6e-9dfc665f87dd', '{"action":"token_revoked","actor_id":"e59a7e09-a0af-451f-a58c-7484b9636e09","actor_username":"gunnar.finkeldeh@gmail.com","actor_via_sso":false,"log_type":"token"}', '2025-08-12 23:28:08.635023+00', ''),
	('00000000-0000-0000-0000-000000000000', '43264ed3-a3e4-4c35-930e-d1fb9e187201', '{"action":"login","actor_id":"e59a7e09-a0af-451f-a58c-7484b9636e09","actor_username":"gunnar.finkeldeh@gmail.com","actor_via_sso":false,"log_type":"account","traits":{"provider":"email"}}', '2025-08-12 23:47:18.061274+00', ''),
	('00000000-0000-0000-0000-000000000000', '3dca7101-ea32-42e6-83e0-01435ec05347', '{"action":"login","actor_id":"e59a7e09-a0af-451f-a58c-7484b9636e09","actor_username":"gunnar.finkeldeh@gmail.com","actor_via_sso":false,"log_type":"account","traits":{"provider":"email"}}', '2025-08-13 00:06:51.576583+00', ''),
	('00000000-0000-0000-0000-000000000000', 'f1d8b0b0-6fe8-4325-83bb-fa2c4b0f2c11', '{"action":"user_signedup","actor_id":"00000000-0000-0000-0000-000000000000","actor_username":"service_role","actor_via_sso":false,"log_type":"team","traits":{"provider":"email","user_email":"yaayaamuller@gmail.com","user_id":"147f3630-648b-44b5-94ed-052ab4b9d302","user_phone":""}}', '2025-08-14 11:54:15.306859+00', ''),
	('00000000-0000-0000-0000-000000000000', '0ec85b4b-9945-4bd5-a84f-ef3f01a16470', '{"action":"user_signedup","actor_id":"00000000-0000-0000-0000-000000000000","actor_username":"service_role","actor_via_sso":false,"log_type":"team","traits":{"provider":"email","user_email":"klaudia.ferrando@gmail.com","user_id":"82553ff3-0105-42d6-bd0b-378eb30994bb","user_phone":""}}', '2025-08-14 11:54:31.455174+00', ''),
	('00000000-0000-0000-0000-000000000000', 'c27d77b7-6f57-470d-a90c-98bf922409a4', '{"action":"user_signedup","actor_id":"00000000-0000-0000-0000-000000000000","actor_username":"service_role","actor_via_sso":false,"log_type":"team","traits":{"provider":"email","user_email":"shelley@flourishtherapyclinic.co.uk","user_id":"6cde5e21-92c5-4388-8646-b527e8d68b7a","user_phone":""}}', '2025-08-14 11:54:48.064161+00', ''),
	('00000000-0000-0000-0000-000000000000', '81775d2a-b605-4ac1-b92e-5f20cd96dd6e', '{"action":"user_signedup","actor_id":"00000000-0000-0000-0000-000000000000","actor_username":"service_role","actor_via_sso":false,"log_type":"team","traits":{"provider":"email","user_email":"tabsrashid@yahoo.co.uk","user_id":"fe180d28-f078-4531-8a81-ca3645c435e1","user_phone":""}}', '2025-08-14 11:55:02.774152+00', ''),
	('00000000-0000-0000-0000-000000000000', '982851a7-a743-4979-b96b-65700428fc62', '{"action":"user_signedup","actor_id":"00000000-0000-0000-0000-000000000000","actor_username":"service_role","actor_via_sso":false,"log_type":"team","traits":{"provider":"email","user_email":"zoe@coachingsouthwest.com","user_id":"67df0170-3420-4e14-b0cf-ae1598209806","user_phone":""}}', '2025-08-14 11:55:37.630302+00', ''),
	('00000000-0000-0000-0000-000000000000', 'a349099b-ba1d-42e9-bd3d-b5004e9f7462', '{"action":"user_signedup","actor_id":"00000000-0000-0000-0000-000000000000","actor_username":"service_role","actor_via_sso":false,"log_type":"team","traits":{"provider":"email","user_email":"laineymacnicol@gmail.com","user_id":"bece8e25-2816-49fc-b40e-0794f8a7e576","user_phone":""}}', '2025-08-14 11:56:05.992889+00', ''),
	('00000000-0000-0000-0000-000000000000', 'f7f463cc-99ea-45bf-af85-70d15317214c', '{"action":"login","actor_id":"e59a7e09-a0af-451f-a58c-7484b9636e09","actor_username":"gunnar.finkeldeh@gmail.com","actor_via_sso":false,"log_type":"account","traits":{"provider":"email"}}', '2025-08-14 11:59:41.685231+00', ''),
	('00000000-0000-0000-0000-000000000000', '135b91ce-a8a3-4697-8428-8e9cc0155b72', '{"action":"login","actor_id":"87fbcdc2-cef7-4e53-9e7e-15cdd37627ac","actor_name":"Test User","actor_username":"test@coaching-hub.local","actor_via_sso":false,"log_type":"account","traits":{"provider":"email"}}', '2025-08-14 12:00:22.056676+00', ''),
	('00000000-0000-0000-0000-000000000000', 'e5a06d8a-b26c-4a5e-9434-062e0170c45f', '{"action":"login","actor_id":"e59a7e09-a0af-451f-a58c-7484b9636e09","actor_username":"gunnar.finkeldeh@gmail.com","actor_via_sso":false,"log_type":"account","traits":{"provider":"email"}}', '2025-08-14 12:00:39.924389+00', ''),
	('00000000-0000-0000-0000-000000000000', 'cad85a54-f525-4364-bb08-9927be641976', '{"action":"token_refreshed","actor_id":"e59a7e09-a0af-451f-a58c-7484b9636e09","actor_username":"gunnar.finkeldeh@gmail.com","actor_via_sso":false,"log_type":"token"}', '2025-08-14 16:49:10.547046+00', ''),
	('00000000-0000-0000-0000-000000000000', 'c451ad10-9f5f-4fe0-bfa9-93af34748e4f', '{"action":"token_revoked","actor_id":"e59a7e09-a0af-451f-a58c-7484b9636e09","actor_username":"gunnar.finkeldeh@gmail.com","actor_via_sso":false,"log_type":"token"}', '2025-08-14 16:49:10.558336+00', ''),
	('00000000-0000-0000-0000-000000000000', '7dc8338e-5b1d-428b-aadb-14f3a316d2f2', '{"action":"login","actor_id":"e59a7e09-a0af-451f-a58c-7484b9636e09","actor_username":"gunnar.finkeldeh@gmail.com","actor_via_sso":false,"log_type":"account","traits":{"provider":"email"}}', '2025-08-14 16:52:31.449556+00', ''),
	('00000000-0000-0000-0000-000000000000', '2505fb61-6d06-412b-ac85-a92a7abf72b1', '{"action":"token_refreshed","actor_id":"e59a7e09-a0af-451f-a58c-7484b9636e09","actor_username":"gunnar.finkeldeh@gmail.com","actor_via_sso":false,"log_type":"token"}', '2025-08-14 17:51:29.210817+00', ''),
	('00000000-0000-0000-0000-000000000000', '5142d1bc-c66d-4bc9-a717-1a7dbe09c82d', '{"action":"token_revoked","actor_id":"e59a7e09-a0af-451f-a58c-7484b9636e09","actor_username":"gunnar.finkeldeh@gmail.com","actor_via_sso":false,"log_type":"token"}', '2025-08-14 17:51:29.218118+00', ''),
	('00000000-0000-0000-0000-000000000000', '8e3944b2-15d8-43a8-9fba-25ca9c23b0b2', '{"action":"login","actor_id":"e59a7e09-a0af-451f-a58c-7484b9636e09","actor_username":"gunnar.finkeldeh@gmail.com","actor_via_sso":false,"log_type":"account","traits":{"provider":"email"}}', '2025-08-14 18:40:31.862364+00', ''),
	('00000000-0000-0000-0000-000000000000', '2ee2d364-b2db-4f30-891b-f3d959c4ab66', '{"action":"login","actor_id":"e59a7e09-a0af-451f-a58c-7484b9636e09","actor_username":"gunnar.finkeldeh@gmail.com","actor_via_sso":false,"log_type":"account","traits":{"provider":"email"}}', '2025-08-15 10:23:35.913027+00', ''),
	('00000000-0000-0000-0000-000000000000', '489baf2d-b753-4861-a7e8-6d0c3d3482c3', '{"action":"login","actor_id":"e59a7e09-a0af-451f-a58c-7484b9636e09","actor_username":"gunnar.finkeldeh@gmail.com","actor_via_sso":false,"log_type":"account","traits":{"provider":"email"}}', '2025-08-15 10:24:14.932055+00', ''),
	('00000000-0000-0000-0000-000000000000', '681e6886-c88e-4bb9-bdd0-69173c4902a6', '{"action":"user_deleted","actor_id":"00000000-0000-0000-0000-000000000000","actor_username":"service_role","actor_via_sso":false,"log_type":"team","traits":{"user_email":"gunnar.finkeldeh@gmail.com","user_id":"e59a7e09-a0af-451f-a58c-7484b9636e09","user_phone":""}}', '2025-08-15 10:29:08.999935+00', ''),
	('00000000-0000-0000-0000-000000000000', '4caa691b-7338-43d6-8d9c-2810bfe91ff6', '{"action":"user_signedup","actor_id":"00000000-0000-0000-0000-000000000000","actor_username":"service_role","actor_via_sso":false,"log_type":"team","traits":{"provider":"email","user_email":"gunnar.finkeldeh@gmail.com","user_id":"cbf00e2b-d6a5-42ce-97a0-b58c0c212293","user_phone":""}}', '2025-08-15 10:30:23.534338+00', ''),
	('00000000-0000-0000-0000-000000000000', '91920f80-33e2-4882-831f-8fe23ebd55c4', '{"action":"user_modified","actor_id":"00000000-0000-0000-0000-000000000000","actor_username":"service_role","actor_via_sso":false,"log_type":"user","traits":{"user_email":"gunnar.finkeldeh@gmail.com","user_id":"cbf00e2b-d6a5-42ce-97a0-b58c0c212293","user_phone":""}}', '2025-08-15 10:31:37.775502+00', ''),
	('00000000-0000-0000-0000-000000000000', '49013e2f-6873-4c5a-a13a-955a9e8da227', '{"action":"user_modified","actor_id":"00000000-0000-0000-0000-000000000000","actor_username":"service_role","actor_via_sso":false,"log_type":"user","traits":{"user_email":"gunnar.finkeldeh@gmail.com","user_id":"cbf00e2b-d6a5-42ce-97a0-b58c0c212293","user_phone":""}}', '2025-08-15 10:31:59.578847+00', ''),
	('00000000-0000-0000-0000-000000000000', 'c16f6c87-ca11-4765-a501-285c2337ce05', '{"action":"login","actor_id":"cbf00e2b-d6a5-42ce-97a0-b58c0c212293","actor_username":"gunnar.finkeldeh@gmail.com","actor_via_sso":false,"log_type":"account","traits":{"provider":"email"}}', '2025-08-15 10:32:48.605908+00', ''),
	('00000000-0000-0000-0000-000000000000', '9adb7a5f-8753-4bfa-b516-d5a722814ed6', '{"action":"login","actor_id":"cbf00e2b-d6a5-42ce-97a0-b58c0c212293","actor_username":"gunnar.finkeldeh@gmail.com","actor_via_sso":false,"log_type":"account","traits":{"provider":"email"}}', '2025-08-15 10:35:30.964209+00', ''),
	('00000000-0000-0000-0000-000000000000', '3a454eb9-bddb-4c36-b68e-3d64c48f618a', '{"action":"login","actor_id":"cbf00e2b-d6a5-42ce-97a0-b58c0c212293","actor_username":"gunnar.finkeldeh@gmail.com","actor_via_sso":false,"log_type":"account","traits":{"provider":"email"}}', '2025-08-15 10:44:03.448449+00', ''),
	('00000000-0000-0000-0000-000000000000', '09f97162-0307-4f95-b604-1cce323e6dd3', '{"action":"login","actor_id":"cbf00e2b-d6a5-42ce-97a0-b58c0c212293","actor_username":"gunnar.finkeldeh@gmail.com","actor_via_sso":false,"log_type":"account","traits":{"provider":"email"}}', '2025-08-15 10:45:07.237492+00', ''),
	('00000000-0000-0000-0000-000000000000', '09b3b72e-114b-424c-89c0-01e618915f51', '{"action":"login","actor_id":"cbf00e2b-d6a5-42ce-97a0-b58c0c212293","actor_username":"gunnar.finkeldeh@gmail.com","actor_via_sso":false,"log_type":"account","traits":{"provider":"email"}}', '2025-08-15 10:48:12.760919+00', ''),
	('00000000-0000-0000-0000-000000000000', 'ec745cdb-2a3a-4cce-97fb-7a7bec76d7ee', '{"action":"login","actor_id":"cbf00e2b-d6a5-42ce-97a0-b58c0c212293","actor_username":"gunnar.finkeldeh@gmail.com","actor_via_sso":false,"log_type":"account","traits":{"provider":"email"}}', '2025-08-15 10:55:00.983657+00', ''),
	('00000000-0000-0000-0000-000000000000', '5d2eaf70-6456-479c-8451-b1628e537afa', '{"action":"login","actor_id":"cbf00e2b-d6a5-42ce-97a0-b58c0c212293","actor_username":"gunnar.finkeldeh@gmail.com","actor_via_sso":false,"log_type":"account","traits":{"provider":"email"}}', '2025-08-15 11:01:27.691364+00', ''),
	('00000000-0000-0000-0000-000000000000', '7749fbfe-5c07-4ec8-bb82-35f23d856f6f', '{"action":"user_modified","actor_id":"00000000-0000-0000-0000-000000000000","actor_username":"service_role","actor_via_sso":false,"log_type":"user","traits":{"user_email":"shelley@flourishtherapyclinic.co.uk","user_id":"6cde5e21-92c5-4388-8646-b527e8d68b7a","user_phone":""}}', '2025-08-15 11:03:23.69237+00', ''),
	('00000000-0000-0000-0000-000000000000', 'dd5664e4-30f9-4215-8b1e-00cd74f85321', '{"action":"user_modified","actor_id":"00000000-0000-0000-0000-000000000000","actor_username":"service_role","actor_via_sso":false,"log_type":"user","traits":{"user_email":"klaudia.ferrando@gmail.com","user_id":"82553ff3-0105-42d6-bd0b-378eb30994bb","user_phone":""}}', '2025-08-15 11:03:25.635717+00', ''),
	('00000000-0000-0000-0000-000000000000', 'f1bb47ba-bc82-4c95-8179-e66d05a25e61', '{"action":"login","actor_id":"cbf00e2b-d6a5-42ce-97a0-b58c0c212293","actor_username":"gunnar.finkeldeh@gmail.com","actor_via_sso":false,"log_type":"account","traits":{"provider":"email"}}', '2025-08-15 11:05:19.277443+00', ''),
	('00000000-0000-0000-0000-000000000000', '76ba9b7a-009e-4da3-a309-66745e22c4d4', '{"action":"login","actor_id":"cbf00e2b-d6a5-42ce-97a0-b58c0c212293","actor_username":"gunnar.finkeldeh@gmail.com","actor_via_sso":false,"log_type":"account","traits":{"provider":"email"}}', '2025-08-15 11:11:43.199401+00', ''),
	('00000000-0000-0000-0000-000000000000', '8fdad5cb-8745-450c-9433-2649d0a7a818', '{"action":"login","actor_id":"cbf00e2b-d6a5-42ce-97a0-b58c0c212293","actor_username":"gunnar.finkeldeh@gmail.com","actor_via_sso":false,"log_type":"account","traits":{"provider":"email"}}', '2025-08-15 12:01:05.959002+00', ''),
	('00000000-0000-0000-0000-000000000000', '73c1694b-9c25-4df7-a3d2-873e22280547', '{"action":"login","actor_id":"cbf00e2b-d6a5-42ce-97a0-b58c0c212293","actor_username":"gunnar.finkeldeh@gmail.com","actor_via_sso":false,"log_type":"account","traits":{"provider":"email"}}', '2025-08-15 14:04:29.426114+00', ''),
	('00000000-0000-0000-0000-000000000000', 'e22f814d-5735-4e5e-8ef4-743174ebc959', '{"action":"token_refreshed","actor_id":"cbf00e2b-d6a5-42ce-97a0-b58c0c212293","actor_username":"gunnar.finkeldeh@gmail.com","actor_via_sso":false,"log_type":"token"}', '2025-08-15 14:30:30.93678+00', ''),
	('00000000-0000-0000-0000-000000000000', 'c505cf67-8c5f-4ae1-b5ae-5c2a44aaf141', '{"action":"token_revoked","actor_id":"cbf00e2b-d6a5-42ce-97a0-b58c0c212293","actor_username":"gunnar.finkeldeh@gmail.com","actor_via_sso":false,"log_type":"token"}', '2025-08-15 14:30:30.945222+00', ''),
	('00000000-0000-0000-0000-000000000000', 'abb5886f-d982-4991-9600-ddab67e3ea20', '{"action":"login","actor_id":"cbf00e2b-d6a5-42ce-97a0-b58c0c212293","actor_username":"gunnar.finkeldeh@gmail.com","actor_via_sso":false,"log_type":"account","traits":{"provider":"email"}}', '2025-08-15 14:31:13.309086+00', ''),
	('00000000-0000-0000-0000-000000000000', 'ef3d300d-39d6-4af2-9396-68f00827ccfa', '{"action":"login","actor_id":"cbf00e2b-d6a5-42ce-97a0-b58c0c212293","actor_username":"gunnar.finkeldeh@gmail.com","actor_via_sso":false,"log_type":"account","traits":{"provider":"email"}}', '2025-08-15 14:33:12.83634+00', ''),
	('00000000-0000-0000-0000-000000000000', 'bfde9a0e-ead6-46c2-b796-b9a31576cd89', '{"action":"login","actor_id":"cbf00e2b-d6a5-42ce-97a0-b58c0c212293","actor_username":"gunnar.finkeldeh@gmail.com","actor_via_sso":false,"log_type":"account","traits":{"provider":"email"}}', '2025-08-15 14:46:34.731239+00', ''),
	('00000000-0000-0000-0000-000000000000', '4b5381ef-27ec-4d7b-91d3-74d986a91811', '{"action":"token_refreshed","actor_id":"cbf00e2b-d6a5-42ce-97a0-b58c0c212293","actor_username":"gunnar.finkeldeh@gmail.com","actor_via_sso":false,"log_type":"token"}', '2025-08-15 15:45:21.312174+00', ''),
	('00000000-0000-0000-0000-000000000000', '18b4a043-aa75-4c77-b924-4c02af89338f', '{"action":"token_revoked","actor_id":"cbf00e2b-d6a5-42ce-97a0-b58c0c212293","actor_username":"gunnar.finkeldeh@gmail.com","actor_via_sso":false,"log_type":"token"}', '2025-08-15 15:45:21.335132+00', ''),
	('00000000-0000-0000-0000-000000000000', '870d6140-7e4f-4b86-aab9-df364787e258', '{"action":"token_refreshed","actor_id":"cbf00e2b-d6a5-42ce-97a0-b58c0c212293","actor_username":"gunnar.finkeldeh@gmail.com","actor_via_sso":false,"log_type":"token"}', '2025-08-15 17:04:26.547907+00', ''),
	('00000000-0000-0000-0000-000000000000', 'a35c23b5-0a0f-44ea-b8b9-af1e2459c414', '{"action":"token_revoked","actor_id":"cbf00e2b-d6a5-42ce-97a0-b58c0c212293","actor_username":"gunnar.finkeldeh@gmail.com","actor_via_sso":false,"log_type":"token"}', '2025-08-15 17:04:26.56701+00', ''),
	('00000000-0000-0000-0000-000000000000', '6cb54f85-39f8-483f-9612-68a87194138c', '{"action":"token_refreshed","actor_id":"cbf00e2b-d6a5-42ce-97a0-b58c0c212293","actor_username":"gunnar.finkeldeh@gmail.com","actor_via_sso":false,"log_type":"token"}', '2025-08-15 18:31:20.838651+00', ''),
	('00000000-0000-0000-0000-000000000000', '378de12d-08f9-4efc-9b53-cb0e0500a700', '{"action":"token_revoked","actor_id":"cbf00e2b-d6a5-42ce-97a0-b58c0c212293","actor_username":"gunnar.finkeldeh@gmail.com","actor_via_sso":false,"log_type":"token"}', '2025-08-15 18:31:20.861326+00', ''),
	('00000000-0000-0000-0000-000000000000', '8423bf81-fccc-4441-8c50-9bf71b3b7103', '{"action":"token_refreshed","actor_id":"cbf00e2b-d6a5-42ce-97a0-b58c0c212293","actor_username":"gunnar.finkeldeh@gmail.com","actor_via_sso":false,"log_type":"token"}', '2025-08-15 20:24:58.263852+00', ''),
	('00000000-0000-0000-0000-000000000000', 'd0d918ba-6c7a-41bf-bf34-c7fb8d0673ca', '{"action":"token_revoked","actor_id":"cbf00e2b-d6a5-42ce-97a0-b58c0c212293","actor_username":"gunnar.finkeldeh@gmail.com","actor_via_sso":false,"log_type":"token"}', '2025-08-15 20:24:58.286337+00', ''),
	('00000000-0000-0000-0000-000000000000', '9b09a804-8d53-40b8-9285-be69f8c7c1fa', '{"action":"token_refreshed","actor_id":"cbf00e2b-d6a5-42ce-97a0-b58c0c212293","actor_username":"gunnar.finkeldeh@gmail.com","actor_via_sso":false,"log_type":"token"}', '2025-08-15 21:51:17.031735+00', ''),
	('00000000-0000-0000-0000-000000000000', '4aa8c5ec-52be-4acc-97c0-2976536147d2', '{"action":"token_revoked","actor_id":"cbf00e2b-d6a5-42ce-97a0-b58c0c212293","actor_username":"gunnar.finkeldeh@gmail.com","actor_via_sso":false,"log_type":"token"}', '2025-08-15 21:51:17.065956+00', ''),
	('00000000-0000-0000-0000-000000000000', 'ceb13061-aa7a-4431-a8da-0037e62baf61', '{"action":"token_refreshed","actor_id":"cbf00e2b-d6a5-42ce-97a0-b58c0c212293","actor_username":"gunnar.finkeldeh@gmail.com","actor_via_sso":false,"log_type":"token"}', '2025-08-15 22:49:41.098225+00', ''),
	('00000000-0000-0000-0000-000000000000', '6d6c9951-fa6d-4fb4-844e-b5dd272de2ce', '{"action":"token_revoked","actor_id":"cbf00e2b-d6a5-42ce-97a0-b58c0c212293","actor_username":"gunnar.finkeldeh@gmail.com","actor_via_sso":false,"log_type":"token"}', '2025-08-15 22:49:41.115814+00', ''),
	('00000000-0000-0000-0000-000000000000', 'f1bf1adf-13ca-479c-a59e-667f5d1c116b', '{"action":"token_refreshed","actor_id":"cbf00e2b-d6a5-42ce-97a0-b58c0c212293","actor_username":"gunnar.finkeldeh@gmail.com","actor_via_sso":false,"log_type":"token"}', '2025-08-15 23:52:07.235776+00', ''),
	('00000000-0000-0000-0000-000000000000', '117557f2-7148-4b6e-9b16-724899a9b367', '{"action":"token_revoked","actor_id":"cbf00e2b-d6a5-42ce-97a0-b58c0c212293","actor_username":"gunnar.finkeldeh@gmail.com","actor_via_sso":false,"log_type":"token"}', '2025-08-15 23:52:07.251402+00', ''),
	('00000000-0000-0000-0000-000000000000', 'f6552908-6a68-495a-84f9-042ae8ea053d', '{"action":"login","actor_id":"6cde5e21-92c5-4388-8646-b527e8d68b7a","actor_username":"shelley@flourishtherapyclinic.co.uk","actor_via_sso":false,"log_type":"account","traits":{"provider":"email"}}', '2025-08-16 00:23:08.197833+00', ''),
	('00000000-0000-0000-0000-000000000000', '352f3f37-156a-4cef-9f9b-e5faff97efa8', '{"action":"login","actor_id":"6cde5e21-92c5-4388-8646-b527e8d68b7a","actor_username":"shelley@flourishtherapyclinic.co.uk","actor_via_sso":false,"log_type":"account","traits":{"provider":"email"}}', '2025-08-16 00:40:45.972929+00', ''),
	('00000000-0000-0000-0000-000000000000', '8e679a13-6cbb-4b50-a8e4-4c64d87269a3', '{"action":"token_refreshed","actor_id":"6cde5e21-92c5-4388-8646-b527e8d68b7a","actor_username":"shelley@flourishtherapyclinic.co.uk","actor_via_sso":false,"log_type":"token"}', '2025-08-16 01:21:11.026726+00', ''),
	('00000000-0000-0000-0000-000000000000', '3d6a29c4-a252-4f01-bff2-0a887c996bc4', '{"action":"token_revoked","actor_id":"6cde5e21-92c5-4388-8646-b527e8d68b7a","actor_username":"shelley@flourishtherapyclinic.co.uk","actor_via_sso":false,"log_type":"token"}', '2025-08-16 01:21:11.036819+00', ''),
	('00000000-0000-0000-0000-000000000000', '1e32f088-a414-4935-afc4-b3ad983a50fe', '{"action":"token_refreshed","actor_id":"cbf00e2b-d6a5-42ce-97a0-b58c0c212293","actor_username":"gunnar.finkeldeh@gmail.com","actor_via_sso":false,"log_type":"token"}', '2025-08-16 09:06:12.203121+00', ''),
	('00000000-0000-0000-0000-000000000000', '6e8b06db-e4f2-49f2-bd0d-8955f11b94c8', '{"action":"token_revoked","actor_id":"cbf00e2b-d6a5-42ce-97a0-b58c0c212293","actor_username":"gunnar.finkeldeh@gmail.com","actor_via_sso":false,"log_type":"token"}', '2025-08-16 09:06:12.226379+00', ''),
	('00000000-0000-0000-0000-000000000000', 'd0308752-bed5-4d7f-a476-cbd159505386', '{"action":"login","actor_id":"cbf00e2b-d6a5-42ce-97a0-b58c0c212293","actor_username":"gunnar.finkeldeh@gmail.com","actor_via_sso":false,"log_type":"account","traits":{"provider":"email"}}', '2025-08-16 11:47:31.691617+00', ''),
	('00000000-0000-0000-0000-000000000000', 'feaf7e3f-599e-408c-a2f6-1f29ec451dee', '{"action":"token_refreshed","actor_id":"cbf00e2b-d6a5-42ce-97a0-b58c0c212293","actor_username":"gunnar.finkeldeh@gmail.com","actor_via_sso":false,"log_type":"token"}', '2025-08-16 13:10:01.538069+00', ''),
	('00000000-0000-0000-0000-000000000000', '200ecb05-c20c-4351-b855-c665463e0784', '{"action":"token_revoked","actor_id":"cbf00e2b-d6a5-42ce-97a0-b58c0c212293","actor_username":"gunnar.finkeldeh@gmail.com","actor_via_sso":false,"log_type":"token"}', '2025-08-16 13:10:01.552628+00', ''),
	('00000000-0000-0000-0000-000000000000', 'bf59db17-ad22-4150-bc8a-4a2811097dfa', '{"action":"token_refreshed","actor_id":"cbf00e2b-d6a5-42ce-97a0-b58c0c212293","actor_username":"gunnar.finkeldeh@gmail.com","actor_via_sso":false,"log_type":"token"}', '2025-08-16 15:54:14.189897+00', ''),
	('00000000-0000-0000-0000-000000000000', 'fe38ab12-7899-4a68-bc60-6a78d58ef1ca', '{"action":"token_revoked","actor_id":"cbf00e2b-d6a5-42ce-97a0-b58c0c212293","actor_username":"gunnar.finkeldeh@gmail.com","actor_via_sso":false,"log_type":"token"}', '2025-08-16 15:54:14.207667+00', ''),
	('00000000-0000-0000-0000-000000000000', '1c8862a5-f3f3-42a4-b026-79dc98a4b164', '{"action":"token_refreshed","actor_id":"cbf00e2b-d6a5-42ce-97a0-b58c0c212293","actor_username":"gunnar.finkeldeh@gmail.com","actor_via_sso":false,"log_type":"token"}', '2025-08-16 16:59:42.579487+00', ''),
	('00000000-0000-0000-0000-000000000000', '26e4f61f-a965-43ad-b012-90fc6ed2e2ef', '{"action":"token_revoked","actor_id":"cbf00e2b-d6a5-42ce-97a0-b58c0c212293","actor_username":"gunnar.finkeldeh@gmail.com","actor_via_sso":false,"log_type":"token"}', '2025-08-16 16:59:42.587239+00', ''),
	('00000000-0000-0000-0000-000000000000', '5fa674ba-3dfe-4412-a01d-d002446e25e9', '{"action":"token_refreshed","actor_id":"cbf00e2b-d6a5-42ce-97a0-b58c0c212293","actor_username":"gunnar.finkeldeh@gmail.com","actor_via_sso":false,"log_type":"token"}', '2025-08-16 19:39:28.225352+00', ''),
	('00000000-0000-0000-0000-000000000000', 'b9e2eb4c-3ea7-42a5-a4ab-0a3e20ec07f6', '{"action":"token_revoked","actor_id":"cbf00e2b-d6a5-42ce-97a0-b58c0c212293","actor_username":"gunnar.finkeldeh@gmail.com","actor_via_sso":false,"log_type":"token"}', '2025-08-16 19:39:28.240762+00', ''),
	('00000000-0000-0000-0000-000000000000', 'fef40cc8-bc13-43e7-9ab3-d77a19a69397', '{"action":"login","actor_id":"cbf00e2b-d6a5-42ce-97a0-b58c0c212293","actor_username":"gunnar.finkeldeh@gmail.com","actor_via_sso":false,"log_type":"account","traits":{"provider":"email"}}', '2025-08-16 20:06:57.695345+00', ''),
	('00000000-0000-0000-0000-000000000000', '63b6b1ec-3ef3-4c62-86c4-3dcac3a3e211', '{"action":"token_refreshed","actor_id":"cbf00e2b-d6a5-42ce-97a0-b58c0c212293","actor_username":"gunnar.finkeldeh@gmail.com","actor_via_sso":false,"log_type":"token"}', '2025-08-16 21:07:04.92023+00', ''),
	('00000000-0000-0000-0000-000000000000', 'd16b647c-0288-4d57-8184-b0621d49f793', '{"action":"token_revoked","actor_id":"cbf00e2b-d6a5-42ce-97a0-b58c0c212293","actor_username":"gunnar.finkeldeh@gmail.com","actor_via_sso":false,"log_type":"token"}', '2025-08-16 21:07:04.940703+00', ''),
	('00000000-0000-0000-0000-000000000000', '76fc8c87-4a79-4e41-9deb-1343d61e7d1c', '{"action":"token_refreshed","actor_id":"6cde5e21-92c5-4388-8646-b527e8d68b7a","actor_username":"shelley@flourishtherapyclinic.co.uk","actor_via_sso":false,"log_type":"token"}', '2025-08-16 21:46:05.931933+00', ''),
	('00000000-0000-0000-0000-000000000000', 'abbaf3b4-8a25-4ff5-bc17-410f2aebd9d2', '{"action":"token_revoked","actor_id":"6cde5e21-92c5-4388-8646-b527e8d68b7a","actor_username":"shelley@flourishtherapyclinic.co.uk","actor_via_sso":false,"log_type":"token"}', '2025-08-16 21:46:05.943557+00', ''),
	('00000000-0000-0000-0000-000000000000', '794c2d18-4060-4e2f-a7bd-b493e1366b7d', '{"action":"token_refreshed","actor_id":"cbf00e2b-d6a5-42ce-97a0-b58c0c212293","actor_username":"gunnar.finkeldeh@gmail.com","actor_via_sso":false,"log_type":"token"}', '2025-08-16 22:05:28.980589+00', ''),
	('00000000-0000-0000-0000-000000000000', 'a55ba6e3-d40b-47ed-8e57-b74d85c89f83', '{"action":"token_revoked","actor_id":"cbf00e2b-d6a5-42ce-97a0-b58c0c212293","actor_username":"gunnar.finkeldeh@gmail.com","actor_via_sso":false,"log_type":"token"}', '2025-08-16 22:05:28.990482+00', ''),
	('00000000-0000-0000-0000-000000000000', '245a9b9a-0cc9-43e7-ad79-28a539114b84', '{"action":"token_refreshed","actor_id":"6cde5e21-92c5-4388-8646-b527e8d68b7a","actor_username":"shelley@flourishtherapyclinic.co.uk","actor_via_sso":false,"log_type":"token"}', '2025-08-16 22:44:34.357658+00', ''),
	('00000000-0000-0000-0000-000000000000', '127c9d99-c599-4765-a024-dd52c1cbcdd7', '{"action":"token_revoked","actor_id":"6cde5e21-92c5-4388-8646-b527e8d68b7a","actor_username":"shelley@flourishtherapyclinic.co.uk","actor_via_sso":false,"log_type":"token"}', '2025-08-16 22:44:34.37907+00', ''),
	('00000000-0000-0000-0000-000000000000', '612464cf-edfc-4e9a-9bc2-bcb68325bb5d', '{"action":"token_refreshed","actor_id":"cbf00e2b-d6a5-42ce-97a0-b58c0c212293","actor_username":"gunnar.finkeldeh@gmail.com","actor_via_sso":false,"log_type":"token"}', '2025-08-16 23:07:28.33667+00', ''),
	('00000000-0000-0000-0000-000000000000', '82eb109b-8249-4036-b34e-51ef64215fdc', '{"action":"token_revoked","actor_id":"cbf00e2b-d6a5-42ce-97a0-b58c0c212293","actor_username":"gunnar.finkeldeh@gmail.com","actor_via_sso":false,"log_type":"token"}', '2025-08-16 23:07:28.343506+00', ''),
	('00000000-0000-0000-0000-000000000000', '6836db39-4a30-4841-9f83-1360287e1b81', '{"action":"login","actor_id":"cbf00e2b-d6a5-42ce-97a0-b58c0c212293","actor_username":"gunnar.finkeldeh@gmail.com","actor_via_sso":false,"log_type":"account","traits":{"provider":"email"}}', '2025-08-16 23:07:41.349293+00', ''),
	('00000000-0000-0000-0000-000000000000', '092ef618-6e3d-49a6-adba-46c97cd645c1', '{"action":"token_refreshed","actor_id":"cbf00e2b-d6a5-42ce-97a0-b58c0c212293","actor_username":"gunnar.finkeldeh@gmail.com","actor_via_sso":false,"log_type":"token"}', '2025-08-17 00:08:09.260489+00', ''),
	('00000000-0000-0000-0000-000000000000', '96cf2711-c98f-4bfb-97bd-d1180f90aaae', '{"action":"token_revoked","actor_id":"cbf00e2b-d6a5-42ce-97a0-b58c0c212293","actor_username":"gunnar.finkeldeh@gmail.com","actor_via_sso":false,"log_type":"token"}', '2025-08-17 00:08:09.271033+00', ''),
	('00000000-0000-0000-0000-000000000000', 'abc53ee9-c069-4372-acfe-f8f81d93d034', '{"action":"token_refreshed","actor_id":"cbf00e2b-d6a5-42ce-97a0-b58c0c212293","actor_username":"gunnar.finkeldeh@gmail.com","actor_via_sso":false,"log_type":"token"}', '2025-08-17 09:17:20.980228+00', ''),
	('00000000-0000-0000-0000-000000000000', '17a10139-359f-43d7-90b4-b2ae90bdbc56', '{"action":"token_revoked","actor_id":"cbf00e2b-d6a5-42ce-97a0-b58c0c212293","actor_username":"gunnar.finkeldeh@gmail.com","actor_via_sso":false,"log_type":"token"}', '2025-08-17 09:17:21.002248+00', ''),
	('00000000-0000-0000-0000-000000000000', '546d025d-db87-4541-bfbf-edc426474a09', '{"action":"token_refreshed","actor_id":"cbf00e2b-d6a5-42ce-97a0-b58c0c212293","actor_username":"gunnar.finkeldeh@gmail.com","actor_via_sso":false,"log_type":"token"}', '2025-08-17 12:14:27.349893+00', ''),
	('00000000-0000-0000-0000-000000000000', 'a3d60d58-6dfe-456c-ba0a-e69b64ac38a1', '{"action":"token_revoked","actor_id":"cbf00e2b-d6a5-42ce-97a0-b58c0c212293","actor_username":"gunnar.finkeldeh@gmail.com","actor_via_sso":false,"log_type":"token"}', '2025-08-17 12:14:27.366528+00', ''),
	('00000000-0000-0000-0000-000000000000', '5a635a54-5d17-48e0-934e-c4154fd1b381', '{"action":"token_refreshed","actor_id":"cbf00e2b-d6a5-42ce-97a0-b58c0c212293","actor_username":"gunnar.finkeldeh@gmail.com","actor_via_sso":false,"log_type":"token"}', '2025-08-17 13:29:22.90151+00', ''),
	('00000000-0000-0000-0000-000000000000', 'bcd6e0f5-5af3-44c8-bd90-e97605333cb7', '{"action":"token_revoked","actor_id":"cbf00e2b-d6a5-42ce-97a0-b58c0c212293","actor_username":"gunnar.finkeldeh@gmail.com","actor_via_sso":false,"log_type":"token"}', '2025-08-17 13:29:22.922974+00', ''),
	('00000000-0000-0000-0000-000000000000', '167b798a-5c1a-4a20-a1bd-5025b56522aa', '{"action":"token_refreshed","actor_id":"cbf00e2b-d6a5-42ce-97a0-b58c0c212293","actor_username":"gunnar.finkeldeh@gmail.com","actor_via_sso":false,"log_type":"token"}', '2025-08-17 16:19:34.090289+00', ''),
	('00000000-0000-0000-0000-000000000000', '17e15ee8-13a3-490a-ae5c-7fe90426c027', '{"action":"token_revoked","actor_id":"cbf00e2b-d6a5-42ce-97a0-b58c0c212293","actor_username":"gunnar.finkeldeh@gmail.com","actor_via_sso":false,"log_type":"token"}', '2025-08-17 16:19:34.121876+00', ''),
	('00000000-0000-0000-0000-000000000000', '763b1ce0-b653-4895-bda8-0b0256ec12c9', '{"action":"token_refreshed","actor_id":"6cde5e21-92c5-4388-8646-b527e8d68b7a","actor_username":"shelley@flourishtherapyclinic.co.uk","actor_via_sso":false,"log_type":"token"}', '2025-08-17 17:15:41.764927+00', ''),
	('00000000-0000-0000-0000-000000000000', '1ce7e324-c80e-4fd3-a5e4-eb165023c206', '{"action":"token_revoked","actor_id":"6cde5e21-92c5-4388-8646-b527e8d68b7a","actor_username":"shelley@flourishtherapyclinic.co.uk","actor_via_sso":false,"log_type":"token"}', '2025-08-17 17:15:41.792584+00', ''),
	('00000000-0000-0000-0000-000000000000', '4a0f858b-b14f-438e-97ef-f3a856cfc2b2', '{"action":"token_refreshed","actor_id":"cbf00e2b-d6a5-42ce-97a0-b58c0c212293","actor_username":"gunnar.finkeldeh@gmail.com","actor_via_sso":false,"log_type":"token"}', '2025-08-17 18:57:53.808797+00', ''),
	('00000000-0000-0000-0000-000000000000', '899c356a-5f65-43c8-b6c1-6733292f3667', '{"action":"token_revoked","actor_id":"cbf00e2b-d6a5-42ce-97a0-b58c0c212293","actor_username":"gunnar.finkeldeh@gmail.com","actor_via_sso":false,"log_type":"token"}', '2025-08-17 18:57:53.820341+00', ''),
	('00000000-0000-0000-0000-000000000000', '7c2e0bff-77ea-4ac7-986c-2ed9bff788bf', '{"action":"login","actor_id":"cbf00e2b-d6a5-42ce-97a0-b58c0c212293","actor_username":"gunnar.finkeldeh@gmail.com","actor_via_sso":false,"log_type":"account","traits":{"provider":"email"}}', '2025-08-17 19:12:15.933888+00', ''),
	('00000000-0000-0000-0000-000000000000', '4ae5c37a-f1f3-4441-a329-84a8d00963d9', '{"action":"login","actor_id":"cbf00e2b-d6a5-42ce-97a0-b58c0c212293","actor_username":"gunnar.finkeldeh@gmail.com","actor_via_sso":false,"log_type":"account","traits":{"provider":"email"}}', '2025-08-17 19:28:12.34978+00', ''),
	('00000000-0000-0000-0000-000000000000', '27011b16-6490-413a-823c-43d58be5db3e', '{"action":"token_refreshed","actor_id":"cbf00e2b-d6a5-42ce-97a0-b58c0c212293","actor_username":"gunnar.finkeldeh@gmail.com","actor_via_sso":false,"log_type":"token"}', '2025-08-17 21:01:39.6738+00', ''),
	('00000000-0000-0000-0000-000000000000', '756c9ffa-f65c-4344-887d-49d38e7e04a3', '{"action":"token_revoked","actor_id":"cbf00e2b-d6a5-42ce-97a0-b58c0c212293","actor_username":"gunnar.finkeldeh@gmail.com","actor_via_sso":false,"log_type":"token"}', '2025-08-17 21:01:39.688423+00', ''),
	('00000000-0000-0000-0000-000000000000', 'aa69c353-ed23-4640-88a3-ed67049746f4', '{"action":"token_refreshed","actor_id":"cbf00e2b-d6a5-42ce-97a0-b58c0c212293","actor_username":"gunnar.finkeldeh@gmail.com","actor_via_sso":false,"log_type":"token"}', '2025-08-17 21:01:40.628738+00', ''),
	('00000000-0000-0000-0000-000000000000', '3dcb8aee-d4e3-4db0-83a6-91217594408a', '{"action":"token_revoked","actor_id":"cbf00e2b-d6a5-42ce-97a0-b58c0c212293","actor_username":"gunnar.finkeldeh@gmail.com","actor_via_sso":false,"log_type":"token"}', '2025-08-17 21:01:40.63118+00', ''),
	('00000000-0000-0000-0000-000000000000', 'a1b9ca5c-355d-45b0-918c-1c58a86c4c83', '{"action":"token_refreshed","actor_id":"cbf00e2b-d6a5-42ce-97a0-b58c0c212293","actor_username":"gunnar.finkeldeh@gmail.com","actor_via_sso":false,"log_type":"token"}', '2025-08-17 22:02:11.670561+00', ''),
	('00000000-0000-0000-0000-000000000000', '7fa09729-5975-4169-9b01-b115bc11255b', '{"action":"token_revoked","actor_id":"cbf00e2b-d6a5-42ce-97a0-b58c0c212293","actor_username":"gunnar.finkeldeh@gmail.com","actor_via_sso":false,"log_type":"token"}', '2025-08-17 22:02:11.683706+00', ''),
	('00000000-0000-0000-0000-000000000000', 'e0abdc67-6295-423c-a121-f7c999604f57', '{"action":"token_refreshed","actor_id":"cbf00e2b-d6a5-42ce-97a0-b58c0c212293","actor_username":"gunnar.finkeldeh@gmail.com","actor_via_sso":false,"log_type":"token"}', '2025-08-17 22:17:22.576512+00', ''),
	('00000000-0000-0000-0000-000000000000', '542ce205-2fe4-428c-b202-2fd3d7a0c29b', '{"action":"token_revoked","actor_id":"cbf00e2b-d6a5-42ce-97a0-b58c0c212293","actor_username":"gunnar.finkeldeh@gmail.com","actor_via_sso":false,"log_type":"token"}', '2025-08-17 22:17:22.5847+00', ''),
	('00000000-0000-0000-0000-000000000000', 'fd7bc09c-42d0-4ac4-9765-1e64b7ba3553', '{"action":"token_refreshed","actor_id":"cbf00e2b-d6a5-42ce-97a0-b58c0c212293","actor_username":"gunnar.finkeldeh@gmail.com","actor_via_sso":false,"log_type":"token"}', '2025-08-17 23:21:24.847289+00', ''),
	('00000000-0000-0000-0000-000000000000', '1159441a-c418-4d33-adec-dd9615cb5d5f', '{"action":"token_revoked","actor_id":"cbf00e2b-d6a5-42ce-97a0-b58c0c212293","actor_username":"gunnar.finkeldeh@gmail.com","actor_via_sso":false,"log_type":"token"}', '2025-08-17 23:21:24.873197+00', ''),
	('00000000-0000-0000-0000-000000000000', '1883c6f2-1f79-4065-8936-cda452ca6c6d', '{"action":"token_refreshed","actor_id":"cbf00e2b-d6a5-42ce-97a0-b58c0c212293","actor_username":"gunnar.finkeldeh@gmail.com","actor_via_sso":false,"log_type":"token"}', '2025-08-17 23:25:08.612858+00', ''),
	('00000000-0000-0000-0000-000000000000', '0e785dca-8df0-4131-9a46-4e06bddf2b83', '{"action":"token_revoked","actor_id":"cbf00e2b-d6a5-42ce-97a0-b58c0c212293","actor_username":"gunnar.finkeldeh@gmail.com","actor_via_sso":false,"log_type":"token"}', '2025-08-17 23:25:08.616754+00', ''),
	('00000000-0000-0000-0000-000000000000', '506e939e-c924-4e0f-88f1-24fc31b8f02a', '{"action":"token_refreshed","actor_id":"cbf00e2b-d6a5-42ce-97a0-b58c0c212293","actor_username":"gunnar.finkeldeh@gmail.com","actor_via_sso":false,"log_type":"token"}', '2025-08-18 07:10:06.224711+00', ''),
	('00000000-0000-0000-0000-000000000000', '92f6e9dc-d611-4f20-9b6a-4d688279e3d6', '{"action":"token_revoked","actor_id":"cbf00e2b-d6a5-42ce-97a0-b58c0c212293","actor_username":"gunnar.finkeldeh@gmail.com","actor_via_sso":false,"log_type":"token"}', '2025-08-18 07:10:06.253158+00', ''),
	('00000000-0000-0000-0000-000000000000', '5e58316e-ef94-4348-a3e8-cf237d5b23a8', '{"action":"token_refreshed","actor_id":"cbf00e2b-d6a5-42ce-97a0-b58c0c212293","actor_username":"gunnar.finkeldeh@gmail.com","actor_via_sso":false,"log_type":"token"}', '2025-08-18 07:13:30.629383+00', ''),
	('00000000-0000-0000-0000-000000000000', '69846e8d-ad93-43b3-81f8-5455d5600749', '{"action":"token_revoked","actor_id":"cbf00e2b-d6a5-42ce-97a0-b58c0c212293","actor_username":"gunnar.finkeldeh@gmail.com","actor_via_sso":false,"log_type":"token"}', '2025-08-18 07:13:30.63321+00', ''),
	('00000000-0000-0000-0000-000000000000', '87cc3829-9342-4a6e-8930-0fdba67eb644', '{"action":"token_refreshed","actor_id":"cbf00e2b-d6a5-42ce-97a0-b58c0c212293","actor_username":"gunnar.finkeldeh@gmail.com","actor_via_sso":false,"log_type":"token"}', '2025-08-18 08:10:37.904933+00', ''),
	('00000000-0000-0000-0000-000000000000', '32741659-2150-4c0e-b5ee-518bb09bde91', '{"action":"token_revoked","actor_id":"cbf00e2b-d6a5-42ce-97a0-b58c0c212293","actor_username":"gunnar.finkeldeh@gmail.com","actor_via_sso":false,"log_type":"token"}', '2025-08-18 08:10:37.914252+00', ''),
	('00000000-0000-0000-0000-000000000000', 'c7808334-cb15-470e-98ae-4fb178dfa2cc', '{"action":"token_refreshed","actor_id":"cbf00e2b-d6a5-42ce-97a0-b58c0c212293","actor_username":"gunnar.finkeldeh@gmail.com","actor_via_sso":false,"log_type":"token"}', '2025-08-18 08:12:49.134892+00', ''),
	('00000000-0000-0000-0000-000000000000', '37e145d8-4ebe-4bbf-8199-c9b15b220c58', '{"action":"token_revoked","actor_id":"cbf00e2b-d6a5-42ce-97a0-b58c0c212293","actor_username":"gunnar.finkeldeh@gmail.com","actor_via_sso":false,"log_type":"token"}', '2025-08-18 08:12:49.135768+00', ''),
	('00000000-0000-0000-0000-000000000000', 'b523f7a6-534f-4497-ba20-bf91e53623a0', '{"action":"token_refreshed","actor_id":"cbf00e2b-d6a5-42ce-97a0-b58c0c212293","actor_username":"gunnar.finkeldeh@gmail.com","actor_via_sso":false,"log_type":"token"}', '2025-08-18 10:19:18.55098+00', ''),
	('00000000-0000-0000-0000-000000000000', '7fae86c1-b45a-4fca-a6b8-e0ff34238b3c', '{"action":"token_revoked","actor_id":"cbf00e2b-d6a5-42ce-97a0-b58c0c212293","actor_username":"gunnar.finkeldeh@gmail.com","actor_via_sso":false,"log_type":"token"}', '2025-08-18 10:19:18.575273+00', ''),
	('00000000-0000-0000-0000-000000000000', '2e31af2e-837a-41ca-9665-cce71489ec3f', '{"action":"token_refreshed","actor_id":"cbf00e2b-d6a5-42ce-97a0-b58c0c212293","actor_username":"gunnar.finkeldeh@gmail.com","actor_via_sso":false,"log_type":"token"}', '2025-08-18 10:35:00.385907+00', ''),
	('00000000-0000-0000-0000-000000000000', '7ba5b4bc-5455-4fc4-8d53-6d1ff0d45371', '{"action":"token_revoked","actor_id":"cbf00e2b-d6a5-42ce-97a0-b58c0c212293","actor_username":"gunnar.finkeldeh@gmail.com","actor_via_sso":false,"log_type":"token"}', '2025-08-18 10:35:00.398085+00', ''),
	('00000000-0000-0000-0000-000000000000', 'fd5f87c5-d104-4d8e-a519-8e32e071a60c', '{"action":"token_refreshed","actor_id":"cbf00e2b-d6a5-42ce-97a0-b58c0c212293","actor_username":"gunnar.finkeldeh@gmail.com","actor_via_sso":false,"log_type":"token"}', '2025-08-18 11:23:26.873395+00', ''),
	('00000000-0000-0000-0000-000000000000', 'c3fff8aa-b646-4251-a7fe-efd5cb668c6f', '{"action":"token_revoked","actor_id":"cbf00e2b-d6a5-42ce-97a0-b58c0c212293","actor_username":"gunnar.finkeldeh@gmail.com","actor_via_sso":false,"log_type":"token"}', '2025-08-18 11:23:26.901492+00', ''),
	('00000000-0000-0000-0000-000000000000', 'a064f92d-984f-4256-a32b-8e8b742f0e7d', '{"action":"token_refreshed","actor_id":"cbf00e2b-d6a5-42ce-97a0-b58c0c212293","actor_username":"gunnar.finkeldeh@gmail.com","actor_via_sso":false,"log_type":"token"}', '2025-08-18 11:33:04.125553+00', ''),
	('00000000-0000-0000-0000-000000000000', '2c6388c3-60d8-4739-9eb0-a506f2b7f8fe', '{"action":"token_revoked","actor_id":"cbf00e2b-d6a5-42ce-97a0-b58c0c212293","actor_username":"gunnar.finkeldeh@gmail.com","actor_via_sso":false,"log_type":"token"}', '2025-08-18 11:33:04.128939+00', ''),
	('00000000-0000-0000-0000-000000000000', '12ef52e1-7915-4f36-bba2-8a0fe69e4fc5', '{"action":"token_refreshed","actor_id":"cbf00e2b-d6a5-42ce-97a0-b58c0c212293","actor_username":"gunnar.finkeldeh@gmail.com","actor_via_sso":false,"log_type":"token"}', '2025-08-18 12:24:04.829652+00', ''),
	('00000000-0000-0000-0000-000000000000', '037bb916-c003-4614-85b9-3eb228486ee9', '{"action":"token_revoked","actor_id":"cbf00e2b-d6a5-42ce-97a0-b58c0c212293","actor_username":"gunnar.finkeldeh@gmail.com","actor_via_sso":false,"log_type":"token"}', '2025-08-18 12:24:04.842135+00', ''),
	('00000000-0000-0000-0000-000000000000', '622c2e0c-af1a-46da-8a75-06cea521aaf9', '{"action":"token_refreshed","actor_id":"cbf00e2b-d6a5-42ce-97a0-b58c0c212293","actor_username":"gunnar.finkeldeh@gmail.com","actor_via_sso":false,"log_type":"token"}', '2025-08-18 12:54:05.686059+00', ''),
	('00000000-0000-0000-0000-000000000000', '5b52d7ee-1916-4eef-833c-0dcc46c05a30', '{"action":"token_revoked","actor_id":"cbf00e2b-d6a5-42ce-97a0-b58c0c212293","actor_username":"gunnar.finkeldeh@gmail.com","actor_via_sso":false,"log_type":"token"}', '2025-08-18 12:54:05.693838+00', ''),
	('00000000-0000-0000-0000-000000000000', 'f2e80505-b9c5-4163-b824-ca92a5c3f30a', '{"action":"user_confirmation_requested","actor_id":"57ca55c1-1554-4452-b0cc-07d32f2dc4a8","actor_username":"gunnar.finkeldeh+1@gmail.com","actor_via_sso":false,"log_type":"user","traits":{"provider":"email"}}', '2025-08-18 13:07:09.026729+00', ''),
	('00000000-0000-0000-0000-000000000000', 'd75db67f-5ec1-4a7c-a9ca-f7a59a35f1ca', '{"action":"user_confirmation_requested","actor_id":"916bdd9e-2363-4403-9f5c-d5988000e03d","actor_username":"gunnar.finkeldeh+2@gmail.com","actor_via_sso":false,"log_type":"user","traits":{"provider":"email"}}', '2025-08-18 13:16:32.396215+00', ''),
	('00000000-0000-0000-0000-000000000000', '2ebed3a6-99d9-470d-b280-009a42885a76', '{"action":"user_confirmation_requested","actor_id":"fed3f6bc-d600-41d3-9107-067fc9309dbe","actor_username":"gunnar.finkeldeh+3@gmail.com","actor_via_sso":false,"log_type":"user","traits":{"provider":"email"}}', '2025-08-18 13:28:34.516425+00', ''),
	('00000000-0000-0000-0000-000000000000', '054e0862-387d-4558-b29b-b5cccd832e85', '{"action":"user_confirmation_requested","actor_id":"5adf25cf-bea1-428c-8c62-06324e40c383","actor_username":"gunnar.finkeldeh+4@gmail.com","actor_via_sso":false,"log_type":"user","traits":{"provider":"email"}}', '2025-08-18 15:13:20.691586+00', ''),
	('00000000-0000-0000-0000-000000000000', '137e088f-efd4-4b93-9718-e972e670772f', '{"action":"token_refreshed","actor_id":"cbf00e2b-d6a5-42ce-97a0-b58c0c212293","actor_username":"gunnar.finkeldeh@gmail.com","actor_via_sso":false,"log_type":"token"}', '2025-08-18 15:51:26.430862+00', ''),
	('00000000-0000-0000-0000-000000000000', 'cfa5b2c7-93c9-4d72-bcc2-94fc76688c03', '{"action":"token_revoked","actor_id":"cbf00e2b-d6a5-42ce-97a0-b58c0c212293","actor_username":"gunnar.finkeldeh@gmail.com","actor_via_sso":false,"log_type":"token"}', '2025-08-18 15:51:26.43965+00', ''),
	('00000000-0000-0000-0000-000000000000', '2734d25f-c173-443f-aa29-fb0b5f14443b', '{"action":"user_confirmation_requested","actor_id":"d2a4eb77-509d-41c8-ad79-990c3bf3a7c7","actor_username":"gunanr.finkeldeh+1@gmail.com","actor_via_sso":false,"log_type":"user","traits":{"provider":"email"}}', '2025-08-18 15:51:53.114502+00', ''),
	('00000000-0000-0000-0000-000000000000', '46db354f-8012-4025-a693-edcbf388fbb2', '{"action":"login","actor_id":"cbf00e2b-d6a5-42ce-97a0-b58c0c212293","actor_username":"gunnar.finkeldeh@gmail.com","actor_via_sso":false,"log_type":"account","traits":{"provider":"email"}}', '2025-08-18 16:05:02.58833+00', ''),
	('00000000-0000-0000-0000-000000000000', '9d268c65-518e-4c5a-ab89-66142525d26f', '{"action":"user_deleted","actor_id":"00000000-0000-0000-0000-000000000000","actor_username":"service_role","actor_via_sso":false,"log_type":"team","traits":{"user_email":"gunnar.finkeldeh+4@gmail.com","user_id":"5adf25cf-bea1-428c-8c62-06324e40c383","user_phone":""}}', '2025-08-18 16:40:30.643574+00', ''),
	('00000000-0000-0000-0000-000000000000', 'd274e360-e296-4b4b-812f-3bb1e6f30a01', '{"action":"user_deleted","actor_id":"00000000-0000-0000-0000-000000000000","actor_username":"service_role","actor_via_sso":false,"log_type":"team","traits":{"user_email":"gunnar.finkeldeh+2@gmail.com","user_id":"916bdd9e-2363-4403-9f5c-d5988000e03d","user_phone":""}}', '2025-08-18 16:40:30.649609+00', ''),
	('00000000-0000-0000-0000-000000000000', 'a0aece6d-1d63-4cf2-bf30-e6c486c72d51', '{"action":"user_deleted","actor_id":"00000000-0000-0000-0000-000000000000","actor_username":"service_role","actor_via_sso":false,"log_type":"team","traits":{"user_email":"gunanr.finkeldeh+1@gmail.com","user_id":"d2a4eb77-509d-41c8-ad79-990c3bf3a7c7","user_phone":""}}', '2025-08-18 16:40:30.665918+00', ''),
	('00000000-0000-0000-0000-000000000000', 'fe2c0582-6ec4-44bc-b682-016e15cbae4b', '{"action":"user_deleted","actor_id":"00000000-0000-0000-0000-000000000000","actor_username":"service_role","actor_via_sso":false,"log_type":"team","traits":{"user_email":"gunnar.finkeldeh+3@gmail.com","user_id":"fed3f6bc-d600-41d3-9107-067fc9309dbe","user_phone":""}}', '2025-08-18 16:40:30.668513+00', ''),
	('00000000-0000-0000-0000-000000000000', '547a2ac2-b84c-46b5-a428-46716b49b540', '{"action":"token_refreshed","actor_id":"cbf00e2b-d6a5-42ce-97a0-b58c0c212293","actor_username":"gunnar.finkeldeh@gmail.com","actor_via_sso":false,"log_type":"token"}', '2025-08-22 17:22:19.162389+00', ''),
	('00000000-0000-0000-0000-000000000000', '56c9c2bc-932a-4fe7-aecc-d4462361fe5b', '{"action":"user_deleted","actor_id":"00000000-0000-0000-0000-000000000000","actor_username":"service_role","actor_via_sso":false,"log_type":"team","traits":{"user_email":"gunnar.finkeldeh+1@gmail.com","user_id":"57ca55c1-1554-4452-b0cc-07d32f2dc4a8","user_phone":""}}', '2025-08-18 16:40:30.709557+00', ''),
	('00000000-0000-0000-0000-000000000000', '5fb86f2d-6f55-42e6-928f-00df2d9a41ae', '{"action":"token_refreshed","actor_id":"cbf00e2b-d6a5-42ce-97a0-b58c0c212293","actor_username":"gunnar.finkeldeh@gmail.com","actor_via_sso":false,"log_type":"token"}', '2025-08-18 18:08:36.327357+00', ''),
	('00000000-0000-0000-0000-000000000000', '757153cd-e0ae-418c-90f7-87eafe2036e7', '{"action":"token_revoked","actor_id":"cbf00e2b-d6a5-42ce-97a0-b58c0c212293","actor_username":"gunnar.finkeldeh@gmail.com","actor_via_sso":false,"log_type":"token"}', '2025-08-18 18:08:36.348335+00', ''),
	('00000000-0000-0000-0000-000000000000', '07f23699-bb0e-45c8-ab2e-90d884d6abd2', '{"action":"token_refreshed","actor_id":"cbf00e2b-d6a5-42ce-97a0-b58c0c212293","actor_username":"gunnar.finkeldeh@gmail.com","actor_via_sso":false,"log_type":"token"}', '2025-08-18 19:49:18.980811+00', ''),
	('00000000-0000-0000-0000-000000000000', 'e3c614b7-51ac-47a6-b6e1-8d53dbfbe8c1', '{"action":"token_revoked","actor_id":"cbf00e2b-d6a5-42ce-97a0-b58c0c212293","actor_username":"gunnar.finkeldeh@gmail.com","actor_via_sso":false,"log_type":"token"}', '2025-08-18 19:49:19.006122+00', ''),
	('00000000-0000-0000-0000-000000000000', 'd68f76b4-bef0-40e1-90cb-1d2311d6f5dc', '{"action":"login","actor_id":"cbf00e2b-d6a5-42ce-97a0-b58c0c212293","actor_username":"gunnar.finkeldeh@gmail.com","actor_via_sso":false,"log_type":"account","traits":{"provider":"email"}}', '2025-08-19 00:12:43.227188+00', ''),
	('00000000-0000-0000-0000-000000000000', '863c5742-6a0c-456f-9112-ed7914fd980d', '{"action":"token_refreshed","actor_id":"cbf00e2b-d6a5-42ce-97a0-b58c0c212293","actor_username":"gunnar.finkeldeh@gmail.com","actor_via_sso":false,"log_type":"token"}', '2025-08-19 09:29:35.072671+00', ''),
	('00000000-0000-0000-0000-000000000000', '0f3ae64a-07d4-420d-a34c-eb03ab7a3672', '{"action":"token_revoked","actor_id":"cbf00e2b-d6a5-42ce-97a0-b58c0c212293","actor_username":"gunnar.finkeldeh@gmail.com","actor_via_sso":false,"log_type":"token"}', '2025-08-19 09:29:35.100212+00', ''),
	('00000000-0000-0000-0000-000000000000', '9dc819f2-4ae3-4003-8731-a4a4b54d37e8', '{"action":"login","actor_id":"cbf00e2b-d6a5-42ce-97a0-b58c0c212293","actor_username":"gunnar.finkeldeh@gmail.com","actor_via_sso":false,"log_type":"account","traits":{"provider":"email"}}', '2025-08-19 09:30:00.953721+00', ''),
	('00000000-0000-0000-0000-000000000000', '013bf75b-eaf9-4733-95b0-1af6c5041a58', '{"action":"token_refreshed","actor_id":"cbf00e2b-d6a5-42ce-97a0-b58c0c212293","actor_username":"gunnar.finkeldeh@gmail.com","actor_via_sso":false,"log_type":"token"}', '2025-08-20 07:44:30.947008+00', ''),
	('00000000-0000-0000-0000-000000000000', '32f75e36-7782-4ba9-98d2-8c97626f94de', '{"action":"token_revoked","actor_id":"cbf00e2b-d6a5-42ce-97a0-b58c0c212293","actor_username":"gunnar.finkeldeh@gmail.com","actor_via_sso":false,"log_type":"token"}', '2025-08-20 07:44:30.974602+00', ''),
	('00000000-0000-0000-0000-000000000000', '6a26d3eb-2a06-4cb1-93fa-0802028782bc', '{"action":"token_refreshed","actor_id":"cbf00e2b-d6a5-42ce-97a0-b58c0c212293","actor_username":"gunnar.finkeldeh@gmail.com","actor_via_sso":false,"log_type":"token"}', '2025-08-20 12:30:19.348995+00', ''),
	('00000000-0000-0000-0000-000000000000', '6824c7e9-697b-4b60-b58f-e6b798339fd1', '{"action":"token_revoked","actor_id":"cbf00e2b-d6a5-42ce-97a0-b58c0c212293","actor_username":"gunnar.finkeldeh@gmail.com","actor_via_sso":false,"log_type":"token"}', '2025-08-20 12:30:19.378064+00', ''),
	('00000000-0000-0000-0000-000000000000', 'baae05b0-a0a0-4fb3-8cc2-dddb31a344f3', '{"action":"login","actor_id":"cbf00e2b-d6a5-42ce-97a0-b58c0c212293","actor_username":"gunnar.finkeldeh@gmail.com","actor_via_sso":false,"log_type":"account","traits":{"provider":"email"}}', '2025-08-21 06:08:36.289396+00', ''),
	('00000000-0000-0000-0000-000000000000', 'f4f6873a-fa1e-4926-910c-93ecc0d9090f', '{"action":"token_refreshed","actor_id":"cbf00e2b-d6a5-42ce-97a0-b58c0c212293","actor_username":"gunnar.finkeldeh@gmail.com","actor_via_sso":false,"log_type":"token"}', '2025-08-21 10:27:17.810879+00', ''),
	('00000000-0000-0000-0000-000000000000', '1d490008-44ec-4f38-bfef-0651cf0a217b', '{"action":"token_revoked","actor_id":"cbf00e2b-d6a5-42ce-97a0-b58c0c212293","actor_username":"gunnar.finkeldeh@gmail.com","actor_via_sso":false,"log_type":"token"}', '2025-08-21 10:27:17.844787+00', ''),
	('00000000-0000-0000-0000-000000000000', '8ed59883-86b7-46db-bbd0-a47a6f084457', '{"action":"token_refreshed","actor_id":"cbf00e2b-d6a5-42ce-97a0-b58c0c212293","actor_username":"gunnar.finkeldeh@gmail.com","actor_via_sso":false,"log_type":"token"}', '2025-08-21 12:32:27.135468+00', ''),
	('00000000-0000-0000-0000-000000000000', 'bc97aa21-00cf-4f90-9fc3-aca0fe42c192', '{"action":"token_revoked","actor_id":"cbf00e2b-d6a5-42ce-97a0-b58c0c212293","actor_username":"gunnar.finkeldeh@gmail.com","actor_via_sso":false,"log_type":"token"}', '2025-08-21 12:32:27.162479+00', ''),
	('00000000-0000-0000-0000-000000000000', '01916a4d-585b-493a-8d4b-3e918b3f23ff', '{"action":"token_refreshed","actor_id":"cbf00e2b-d6a5-42ce-97a0-b58c0c212293","actor_username":"gunnar.finkeldeh@gmail.com","actor_via_sso":false,"log_type":"token"}', '2025-08-21 13:57:14.793247+00', ''),
	('00000000-0000-0000-0000-000000000000', '802f592f-a1e4-4ff2-aeb9-a15149647e8b', '{"action":"token_revoked","actor_id":"cbf00e2b-d6a5-42ce-97a0-b58c0c212293","actor_username":"gunnar.finkeldeh@gmail.com","actor_via_sso":false,"log_type":"token"}', '2025-08-21 13:57:14.818561+00', ''),
	('00000000-0000-0000-0000-000000000000', '455427b4-68be-4f28-bc23-0a55ec95a62d', '{"action":"token_refreshed","actor_id":"cbf00e2b-d6a5-42ce-97a0-b58c0c212293","actor_username":"gunnar.finkeldeh@gmail.com","actor_via_sso":false,"log_type":"token"}', '2025-08-21 15:26:43.038767+00', ''),
	('00000000-0000-0000-0000-000000000000', '84b3989b-8266-48a0-a9ec-5f2d5751ad27', '{"action":"token_revoked","actor_id":"cbf00e2b-d6a5-42ce-97a0-b58c0c212293","actor_username":"gunnar.finkeldeh@gmail.com","actor_via_sso":false,"log_type":"token"}', '2025-08-21 15:26:43.057523+00', ''),
	('00000000-0000-0000-0000-000000000000', 'd33779de-2e77-4672-abac-ebfcbc87a37b', '{"action":"token_refreshed","actor_id":"cbf00e2b-d6a5-42ce-97a0-b58c0c212293","actor_username":"gunnar.finkeldeh@gmail.com","actor_via_sso":false,"log_type":"token"}', '2025-08-21 18:50:59.671705+00', ''),
	('00000000-0000-0000-0000-000000000000', '7c791014-2776-4750-8300-a50afc493a87', '{"action":"token_revoked","actor_id":"cbf00e2b-d6a5-42ce-97a0-b58c0c212293","actor_username":"gunnar.finkeldeh@gmail.com","actor_via_sso":false,"log_type":"token"}', '2025-08-21 18:50:59.695181+00', ''),
	('00000000-0000-0000-0000-000000000000', 'aa4d26c9-2b4e-4e9a-9229-0b75828b982e', '{"action":"token_refreshed","actor_id":"cbf00e2b-d6a5-42ce-97a0-b58c0c212293","actor_username":"gunnar.finkeldeh@gmail.com","actor_via_sso":false,"log_type":"token"}', '2025-08-21 21:14:59.414884+00', ''),
	('00000000-0000-0000-0000-000000000000', 'c97e2997-9ec0-46a8-90a3-3d3f345d7213', '{"action":"token_revoked","actor_id":"cbf00e2b-d6a5-42ce-97a0-b58c0c212293","actor_username":"gunnar.finkeldeh@gmail.com","actor_via_sso":false,"log_type":"token"}', '2025-08-21 21:14:59.433054+00', ''),
	('00000000-0000-0000-0000-000000000000', 'f81abfc8-8b9d-4029-be48-e0c447d96288', '{"action":"token_refreshed","actor_id":"cbf00e2b-d6a5-42ce-97a0-b58c0c212293","actor_username":"gunnar.finkeldeh@gmail.com","actor_via_sso":false,"log_type":"token"}', '2025-08-21 22:20:45.782431+00', ''),
	('00000000-0000-0000-0000-000000000000', '7a25c353-4295-466b-a8f2-fcab783fbbcf', '{"action":"token_revoked","actor_id":"cbf00e2b-d6a5-42ce-97a0-b58c0c212293","actor_username":"gunnar.finkeldeh@gmail.com","actor_via_sso":false,"log_type":"token"}', '2025-08-21 22:20:45.806989+00', ''),
	('00000000-0000-0000-0000-000000000000', '4959d496-999b-42a9-9cbc-34d03000abe6', '{"action":"token_refreshed","actor_id":"cbf00e2b-d6a5-42ce-97a0-b58c0c212293","actor_username":"gunnar.finkeldeh@gmail.com","actor_via_sso":false,"log_type":"token"}', '2025-08-21 23:30:32.360678+00', ''),
	('00000000-0000-0000-0000-000000000000', 'f000c833-7f5e-43ec-bd40-9d00eaf8d497', '{"action":"token_revoked","actor_id":"cbf00e2b-d6a5-42ce-97a0-b58c0c212293","actor_username":"gunnar.finkeldeh@gmail.com","actor_via_sso":false,"log_type":"token"}', '2025-08-21 23:30:32.384063+00', ''),
	('00000000-0000-0000-0000-000000000000', 'e4d84b36-d19d-42a1-a47c-09a63ed08d1a', '{"action":"token_refreshed","actor_id":"cbf00e2b-d6a5-42ce-97a0-b58c0c212293","actor_username":"gunnar.finkeldeh@gmail.com","actor_via_sso":false,"log_type":"token"}', '2025-08-22 10:11:20.92941+00', ''),
	('00000000-0000-0000-0000-000000000000', '0b98e100-4b05-4072-b1a6-efd024d53407', '{"action":"token_revoked","actor_id":"cbf00e2b-d6a5-42ce-97a0-b58c0c212293","actor_username":"gunnar.finkeldeh@gmail.com","actor_via_sso":false,"log_type":"token"}', '2025-08-22 10:11:20.959219+00', ''),
	('00000000-0000-0000-0000-000000000000', '60ae5005-4344-4d5f-aad4-36d17fab05c5', '{"action":"token_revoked","actor_id":"cbf00e2b-d6a5-42ce-97a0-b58c0c212293","actor_username":"gunnar.finkeldeh@gmail.com","actor_via_sso":false,"log_type":"token"}', '2025-08-22 17:22:19.188333+00', ''),
	('00000000-0000-0000-0000-000000000000', 'f8d60c7e-1204-4be8-9393-8b636230df3a', '{"action":"token_refreshed","actor_id":"cbf00e2b-d6a5-42ce-97a0-b58c0c212293","actor_username":"gunnar.finkeldeh@gmail.com","actor_via_sso":false,"log_type":"token"}', '2025-08-22 21:56:49.437422+00', ''),
	('00000000-0000-0000-0000-000000000000', '8c50127a-fc8f-4a6a-ab89-a876c56d4aec', '{"action":"token_revoked","actor_id":"cbf00e2b-d6a5-42ce-97a0-b58c0c212293","actor_username":"gunnar.finkeldeh@gmail.com","actor_via_sso":false,"log_type":"token"}', '2025-08-22 21:56:49.465347+00', ''),
	('00000000-0000-0000-0000-000000000000', '21a26306-f41e-48cf-b214-b04cdfcc72e4', '{"action":"token_refreshed","actor_id":"cbf00e2b-d6a5-42ce-97a0-b58c0c212293","actor_username":"gunnar.finkeldeh@gmail.com","actor_via_sso":false,"log_type":"token"}', '2025-08-23 19:36:01.067192+00', ''),
	('00000000-0000-0000-0000-000000000000', '968a6194-aec5-4a43-be9f-0fff41aa54ac', '{"action":"token_revoked","actor_id":"cbf00e2b-d6a5-42ce-97a0-b58c0c212293","actor_username":"gunnar.finkeldeh@gmail.com","actor_via_sso":false,"log_type":"token"}', '2025-08-23 19:36:01.07895+00', ''),
	('00000000-0000-0000-0000-000000000000', 'b40be4ff-2573-4854-b20a-072b55532c58', '{"action":"token_refreshed","actor_id":"cbf00e2b-d6a5-42ce-97a0-b58c0c212293","actor_username":"gunnar.finkeldeh@gmail.com","actor_via_sso":false,"log_type":"token"}', '2025-08-23 23:11:48.023749+00', ''),
	('00000000-0000-0000-0000-000000000000', 'ae5c24b1-215f-46d5-abe2-47c82dbb3a0b', '{"action":"token_revoked","actor_id":"cbf00e2b-d6a5-42ce-97a0-b58c0c212293","actor_username":"gunnar.finkeldeh@gmail.com","actor_via_sso":false,"log_type":"token"}', '2025-08-23 23:11:48.03425+00', ''),
	('00000000-0000-0000-0000-000000000000', 'af188858-0aef-4262-bc8a-ac7e127ea794', '{"action":"login","actor_id":"cbf00e2b-d6a5-42ce-97a0-b58c0c212293","actor_username":"gunnar.finkeldeh@gmail.com","actor_via_sso":false,"log_type":"account","traits":{"provider":"email"}}', '2025-08-23 23:12:37.226211+00', '');


--
-- Data for Name: flow_state; Type: TABLE DATA; Schema: auth; Owner: supabase_auth_admin
--



--
-- Data for Name: users; Type: TABLE DATA; Schema: auth; Owner: supabase_auth_admin
--

INSERT INTO "auth"."users" ("instance_id", "id", "aud", "role", "email", "encrypted_password", "email_confirmed_at", "invited_at", "confirmation_token", "confirmation_sent_at", "recovery_token", "recovery_sent_at", "email_change_token_new", "email_change", "email_change_sent_at", "last_sign_in_at", "raw_app_meta_data", "raw_user_meta_data", "is_super_admin", "created_at", "updated_at", "phone", "phone_confirmed_at", "phone_change", "phone_change_token", "phone_change_sent_at", "email_change_token_current", "email_change_confirm_status", "banned_until", "reauthentication_token", "reauthentication_sent_at", "is_sso_user", "deleted_at", "is_anonymous") VALUES
	('00000000-0000-0000-0000-000000000000', '6cde5e21-92c5-4388-8646-b527e8d68b7a', 'authenticated', 'authenticated', 'shelley@flourishtherapyclinic.co.uk', '$2a$10$pcMnlAjGP7y6MUretdMW3./SuIW8i5rSNz977cGiRrcxbbTcfVq0O', '2025-08-14 11:54:48.066799+00', NULL, '', NULL, '', NULL, '', '', NULL, '2025-08-16 00:40:45.981586+00', '{"provider": "email", "providers": ["email"]}', '{"beta_user": true, "email_verified": true}', NULL, '2025-08-14 11:54:48.05785+00', '2025-08-17 17:15:41.819985+00', NULL, NULL, '', '', NULL, '', 0, NULL, '', NULL, false, NULL, false),
	('00000000-0000-0000-0000-000000000000', 'bece8e25-2816-49fc-b40e-0794f8a7e576', 'authenticated', 'authenticated', 'laineymacnicol@gmail.com', '$2a$10$jE0oHbEJ4J7u4t9mhGgUHODiP939.nshyfS5DHFxrIBKIXe8hOk.K', '2025-08-14 11:56:05.993858+00', NULL, '', NULL, '', NULL, '', '', NULL, NULL, '{"provider": "email", "providers": ["email"]}', '{"beta_user": true, "email_verified": true}', NULL, '2025-08-14 11:56:05.990625+00', '2025-08-14 11:56:05.996035+00', NULL, NULL, '', '', NULL, '', 0, NULL, '', NULL, false, NULL, false),
	('00000000-0000-0000-0000-000000000000', '147f3630-648b-44b5-94ed-052ab4b9d302', 'authenticated', 'authenticated', 'yaayaamuller@gmail.com', '$2a$10$cQfmbPZcPLaTz3Lp2sn6OuWb/27kSXGK3/pXN6Vd65oNf8t25c/CC', '2025-08-14 11:54:15.315138+00', NULL, '', NULL, '', NULL, '', '', NULL, NULL, '{"provider": "email", "providers": ["email"]}', '{"beta_user": true, "email_verified": true}', NULL, '2025-08-14 11:54:15.282346+00', '2025-08-14 11:54:15.319202+00', NULL, NULL, '', '', NULL, '', 0, NULL, '', NULL, false, NULL, false),
	('00000000-0000-0000-0000-000000000000', 'fe180d28-f078-4531-8a81-ca3645c435e1', 'authenticated', 'authenticated', 'tabsrashid@yahoo.co.uk', '$2a$10$OxmJwoUZkVR28VcxBpwMpejp.VhkcRYS14BKYmNpATItECt0RNHwO', '2025-08-14 11:55:02.776297+00', NULL, '', NULL, '', NULL, '', '', NULL, NULL, '{"provider": "email", "providers": ["email"]}', '{"beta_user": true, "email_verified": true}', NULL, '2025-08-14 11:55:02.768367+00', '2025-08-14 11:55:02.776938+00', NULL, NULL, '', '', NULL, '', 0, NULL, '', NULL, false, NULL, false),
	('00000000-0000-0000-0000-000000000000', '67df0170-3420-4e14-b0cf-ae1598209806', 'authenticated', 'authenticated', 'zoe@coachingsouthwest.com', '$2a$10$jsAOQdljp5Ej90TMNxOMvusUevYf5jctBortnEhTvpYjwcPlnEeRO', '2025-08-14 11:55:37.633254+00', NULL, '', NULL, '', NULL, '', '', NULL, NULL, '{"provider": "email", "providers": ["email"]}', '{"beta_user": true, "email_verified": true}', NULL, '2025-08-14 11:55:37.627898+00', '2025-08-14 11:55:37.634688+00', NULL, NULL, '', '', NULL, '', 0, NULL, '', NULL, false, NULL, false),
	('00000000-0000-0000-0000-000000000000', '87fbcdc2-cef7-4e53-9e7e-15cdd37627ac', 'authenticated', 'authenticated', 'test@coaching-hub.local', '$2a$10$kW8orrLAosxY0DbBPvUEY.DhUDRXGa09lwkY0k6p.EpjEyOetyqJe', '2025-08-12 00:58:52.631225+00', NULL, '', NULL, '', NULL, '', '', NULL, '2025-08-14 12:00:22.057433+00', '{"provider": "email", "providers": ["email"]}', '{"full_name": "Test User", "email_verified": true}', NULL, '2025-08-12 00:58:52.600613+00', '2025-08-14 12:00:22.059719+00', NULL, NULL, '', '', NULL, '', 0, NULL, '', NULL, false, NULL, false),
	('00000000-0000-0000-0000-000000000000', '82553ff3-0105-42d6-bd0b-378eb30994bb', 'authenticated', 'authenticated', 'klaudia.ferrando@gmail.com', '$2a$10$4u7mLUitSbdl3LcsEWfcy.LSLmFkxlkuVKCSlpd4jZolRqWXS7giy', '2025-08-14 11:54:31.460082+00', NULL, '', NULL, '', NULL, '', '', NULL, NULL, '{"provider": "email", "providers": ["email"]}', '{"beta_user": true, "email_verified": true}', NULL, '2025-08-14 11:54:31.44618+00', '2025-08-15 11:03:25.635298+00', NULL, NULL, '', '', NULL, '', 0, NULL, '', NULL, false, NULL, false),
	('00000000-0000-0000-0000-000000000000', 'cbf00e2b-d6a5-42ce-97a0-b58c0c212293', 'authenticated', 'authenticated', 'gunnar.finkeldeh@gmail.com', '$2a$10$InzBgUxXfiRVlnfd1CP6huPyZlbYCK2iSxmcdyy5ghdaMJV9T9U2a', '2025-08-15 10:30:23.541886+00', NULL, '', NULL, '', NULL, '', '', NULL, '2025-08-23 23:12:37.230361+00', '{"provider": "email", "providers": ["email"]}', '{"admin": true, "email": "gunnar.finkeldeh@gmail.com", "beta_user": true, "email_verified": true}', NULL, '2025-08-15 10:30:23.518503+00', '2025-08-23 23:12:37.241483+00', NULL, NULL, '', '', NULL, '', 0, NULL, '', NULL, false, NULL, false);


--
-- Data for Name: identities; Type: TABLE DATA; Schema: auth; Owner: supabase_auth_admin
--

INSERT INTO "auth"."identities" ("provider_id", "user_id", "identity_data", "provider", "last_sign_in_at", "created_at", "updated_at", "id") VALUES
	('87fbcdc2-cef7-4e53-9e7e-15cdd37627ac', '87fbcdc2-cef7-4e53-9e7e-15cdd37627ac', '{"sub": "87fbcdc2-cef7-4e53-9e7e-15cdd37627ac", "email": "test@coaching-hub.local", "email_verified": false, "phone_verified": false}', 'email', '2025-08-12 00:58:52.616149+00', '2025-08-12 00:58:52.616849+00', '2025-08-12 00:58:52.616849+00', '3593fee2-32b5-4d32-8e97-9dd216b882f4'),
	('147f3630-648b-44b5-94ed-052ab4b9d302', '147f3630-648b-44b5-94ed-052ab4b9d302', '{"sub": "147f3630-648b-44b5-94ed-052ab4b9d302", "email": "yaayaamuller@gmail.com", "email_verified": false, "phone_verified": false}', 'email', '2025-08-14 11:54:15.304848+00', '2025-08-14 11:54:15.304903+00', '2025-08-14 11:54:15.304903+00', 'cab5a3b1-ea0c-4014-9ea6-c8a204e40ae0'),
	('82553ff3-0105-42d6-bd0b-378eb30994bb', '82553ff3-0105-42d6-bd0b-378eb30994bb', '{"sub": "82553ff3-0105-42d6-bd0b-378eb30994bb", "email": "klaudia.ferrando@gmail.com", "email_verified": false, "phone_verified": false}', 'email', '2025-08-14 11:54:31.450324+00', '2025-08-14 11:54:31.450383+00', '2025-08-14 11:54:31.450383+00', '5f94ead2-298b-448f-a81c-69494705bebd'),
	('6cde5e21-92c5-4388-8646-b527e8d68b7a', '6cde5e21-92c5-4388-8646-b527e8d68b7a', '{"sub": "6cde5e21-92c5-4388-8646-b527e8d68b7a", "email": "shelley@flourishtherapyclinic.co.uk", "email_verified": false, "phone_verified": false}', 'email', '2025-08-14 11:54:48.062373+00', '2025-08-14 11:54:48.062437+00', '2025-08-14 11:54:48.062437+00', '516951f0-1f4e-4114-9235-0fab526b074b'),
	('fe180d28-f078-4531-8a81-ca3645c435e1', 'fe180d28-f078-4531-8a81-ca3645c435e1', '{"sub": "fe180d28-f078-4531-8a81-ca3645c435e1", "email": "tabsrashid@yahoo.co.uk", "email_verified": false, "phone_verified": false}', 'email', '2025-08-14 11:55:02.771725+00', '2025-08-14 11:55:02.77178+00', '2025-08-14 11:55:02.77178+00', '591e9da9-4c07-4275-a6cb-d2aed80c8199'),
	('67df0170-3420-4e14-b0cf-ae1598209806', '67df0170-3420-4e14-b0cf-ae1598209806', '{"sub": "67df0170-3420-4e14-b0cf-ae1598209806", "email": "zoe@coachingsouthwest.com", "email_verified": false, "phone_verified": false}', 'email', '2025-08-14 11:55:37.628833+00', '2025-08-14 11:55:37.628881+00', '2025-08-14 11:55:37.628881+00', '108ab254-88b3-4f7a-90c6-3806833d2453'),
	('bece8e25-2816-49fc-b40e-0794f8a7e576', 'bece8e25-2816-49fc-b40e-0794f8a7e576', '{"sub": "bece8e25-2816-49fc-b40e-0794f8a7e576", "email": "laineymacnicol@gmail.com", "email_verified": false, "phone_verified": false}', 'email', '2025-08-14 11:56:05.992146+00', '2025-08-14 11:56:05.992193+00', '2025-08-14 11:56:05.992193+00', '9cb2bc0a-ca37-40c5-a754-9449c012402e'),
	('cbf00e2b-d6a5-42ce-97a0-b58c0c212293', 'cbf00e2b-d6a5-42ce-97a0-b58c0c212293', '{"sub": "cbf00e2b-d6a5-42ce-97a0-b58c0c212293", "email": "gunnar.finkeldeh@gmail.com", "email_verified": false, "phone_verified": false}', 'email', '2025-08-15 10:30:23.529397+00', '2025-08-15 10:30:23.529974+00', '2025-08-15 10:30:23.529974+00', '552f8a20-fda4-40eb-adda-4135e6f9308a');


--
-- Data for Name: instances; Type: TABLE DATA; Schema: auth; Owner: supabase_auth_admin
--



--
-- Data for Name: sessions; Type: TABLE DATA; Schema: auth; Owner: supabase_auth_admin
--

INSERT INTO "auth"."sessions" ("id", "user_id", "created_at", "updated_at", "factor_id", "aal", "not_after", "refreshed_at", "user_agent", "ip", "tag") VALUES
	('4a4222a5-0300-418b-926e-418391007a24', '87fbcdc2-cef7-4e53-9e7e-15cdd37627ac', '2025-08-12 00:59:30.711615+00', '2025-08-12 08:47:48.611903+00', NULL, 'aal1', NULL, '2025-08-12 08:47:48.611816', 'Mozilla/5.0 (Windows NT 10.0; Win64; x64) AppleWebKit/537.36 (KHTML, like Gecko) Chrome/139.0.0.0 Safari/537.36', '82.36.173.229', NULL),
	('6ad9ed20-57a4-4ced-aa48-ab29fe6a58e3', '87fbcdc2-cef7-4e53-9e7e-15cdd37627ac', '2025-08-12 09:27:06.736148+00', '2025-08-12 18:09:30.335883+00', NULL, 'aal1', NULL, '2025-08-12 18:09:30.335787', 'Mozilla/5.0 (Windows NT 10.0; Win64; x64) AppleWebKit/537.36 (KHTML, like Gecko) Chrome/139.0.0.0 Safari/537.36', '82.36.173.229', NULL),
	('af4fcc8b-9261-42be-81ce-34938b0d786c', '87fbcdc2-cef7-4e53-9e7e-15cdd37627ac', '2025-08-14 12:00:22.057507+00', '2025-08-14 12:00:22.057507+00', NULL, 'aal1', NULL, NULL, 'Mozilla/5.0 (Windows NT 10.0; Win64; x64) AppleWebKit/537.36 (KHTML, like Gecko) Chrome/139.0.0.0 Safari/537.36', '82.36.173.229', NULL),
	('05d696f2-8e5e-41da-9bbd-eee38f0f9e52', 'cbf00e2b-d6a5-42ce-97a0-b58c0c212293', '2025-08-19 00:12:43.252882+00', '2025-08-19 00:12:43.252882+00', NULL, 'aal1', NULL, NULL, 'Mozilla/5.0 (Windows NT 10.0; Win64; x64) AppleWebKit/537.36 (KHTML, like Gecko) Chrome/139.0.0.0 Safari/537.36', '82.36.173.229', NULL),
	('58dc7296-ae64-4b92-bb0c-6bfb30229e08', 'cbf00e2b-d6a5-42ce-97a0-b58c0c212293', '2025-08-15 10:32:48.607388+00', '2025-08-15 10:32:48.607388+00', NULL, 'aal1', NULL, NULL, 'Mozilla/5.0 (Windows NT 10.0; Win64; x64) AppleWebKit/537.36 (KHTML, like Gecko) Chrome/139.0.0.0 Safari/537.36', '82.36.173.229', NULL),
	('25d9fa27-afe5-4957-8835-db6e0eadb7d8', 'cbf00e2b-d6a5-42ce-97a0-b58c0c212293', '2025-08-15 10:35:30.965297+00', '2025-08-15 10:35:30.965297+00', NULL, 'aal1', NULL, NULL, 'Mozilla/5.0 (Windows NT 10.0; Win64; x64) AppleWebKit/537.36 (KHTML, like Gecko) Chrome/139.0.0.0 Safari/537.36', '82.36.173.229', NULL),
	('9a6b0b6d-32a4-4f58-b662-5c2c9458a024', 'cbf00e2b-d6a5-42ce-97a0-b58c0c212293', '2025-08-15 10:44:03.459238+00', '2025-08-15 10:44:03.459238+00', NULL, 'aal1', NULL, NULL, 'Mozilla/5.0 (Windows NT 10.0; Win64; x64) AppleWebKit/537.36 (KHTML, like Gecko) Chrome/139.0.0.0 Safari/537.36', '82.36.173.229', NULL),
	('f54d23b4-943e-4e9f-b87f-60a70eb93c32', 'cbf00e2b-d6a5-42ce-97a0-b58c0c212293', '2025-08-15 10:45:07.23859+00', '2025-08-15 10:45:07.23859+00', NULL, 'aal1', NULL, NULL, 'Mozilla/5.0 (Windows NT 10.0; Win64; x64) AppleWebKit/537.36 (KHTML, like Gecko) Chrome/139.0.0.0 Safari/537.36', '82.36.173.229', NULL),
	('489086fb-b2f0-4f32-bfac-d18887bef7b6', 'cbf00e2b-d6a5-42ce-97a0-b58c0c212293', '2025-08-15 10:48:12.762694+00', '2025-08-15 10:48:12.762694+00', NULL, 'aal1', NULL, NULL, 'Mozilla/5.0 (Windows NT 10.0; Win64; x64) AppleWebKit/537.36 (KHTML, like Gecko) Chrome/139.0.0.0 Safari/537.36', '82.36.173.229', NULL),
	('4c319d11-aa5a-4df0-8092-962c9e654ba1', 'cbf00e2b-d6a5-42ce-97a0-b58c0c212293', '2025-08-15 10:55:00.993824+00', '2025-08-15 10:55:00.993824+00', NULL, 'aal1', NULL, NULL, 'Mozilla/5.0 (Windows NT 10.0; Win64; x64) AppleWebKit/537.36 (KHTML, like Gecko) Chrome/139.0.0.0 Safari/537.36', '82.36.173.229', NULL),
	('065ad988-aa5b-4b59-873c-0d66946f3d9d', 'cbf00e2b-d6a5-42ce-97a0-b58c0c212293', '2025-08-15 11:01:27.701984+00', '2025-08-15 11:01:27.701984+00', NULL, 'aal1', NULL, NULL, 'Mozilla/5.0 (Windows NT 10.0; Win64; x64) AppleWebKit/537.36 (KHTML, like Gecko) Chrome/139.0.0.0 Safari/537.36', '82.36.173.229', NULL),
	('9ac2888f-f1fb-428c-b833-eba94c5b3c8d', 'cbf00e2b-d6a5-42ce-97a0-b58c0c212293', '2025-08-15 11:05:19.278543+00', '2025-08-15 11:05:19.278543+00', NULL, 'aal1', NULL, NULL, 'Mozilla/5.0 (Windows NT 10.0; Win64; x64) AppleWebKit/537.36 (KHTML, like Gecko) Chrome/139.0.0.0 Safari/537.36', '82.36.173.229', NULL),
	('eedf1fa8-fa39-4d7a-8063-5b56b8e5243d', 'cbf00e2b-d6a5-42ce-97a0-b58c0c212293', '2025-08-15 11:11:43.20202+00', '2025-08-15 11:11:43.20202+00', NULL, 'aal1', NULL, NULL, 'Mozilla/5.0 (Windows NT 10.0; Win64; x64) AppleWebKit/537.36 (KHTML, like Gecko) Chrome/139.0.0.0 Safari/537.36', '82.36.173.229', NULL),
	('3691d479-28ce-4b1f-b780-1fc8a5dcbaab', 'cbf00e2b-d6a5-42ce-97a0-b58c0c212293', '2025-08-15 12:01:05.982556+00', '2025-08-15 14:30:30.964555+00', NULL, 'aal1', NULL, '2025-08-15 14:30:30.96447', 'Mozilla/5.0 (Windows NT 10.0; Win64; x64) AppleWebKit/537.36 (KHTML, like Gecko) Chrome/139.0.0.0 Safari/537.36', '82.36.173.229', NULL),
	('3a679570-0ad8-48e3-8db0-9fcd3515ab78', 'cbf00e2b-d6a5-42ce-97a0-b58c0c212293', '2025-08-15 14:31:13.310485+00', '2025-08-15 14:31:13.310485+00', NULL, 'aal1', NULL, NULL, 'Mozilla/5.0 (Windows NT 10.0; Win64; x64) AppleWebKit/537.36 (KHTML, like Gecko) Chrome/139.0.0.0 Safari/537.36', '82.36.173.229', NULL),
	('dfb14504-8088-4845-931f-7ff96a7095d3', 'cbf00e2b-d6a5-42ce-97a0-b58c0c212293', '2025-08-15 14:33:12.842603+00', '2025-08-15 14:33:12.842603+00', NULL, 'aal1', NULL, NULL, 'Mozilla/5.0 (Windows NT 10.0; Win64; x64) AppleWebKit/537.36 (KHTML, like Gecko) Chrome/139.0.0.0 Safari/537.36', '82.36.173.229', NULL),
	('f3266adc-bde8-4e98-8604-dfe3a5d0871f', 'cbf00e2b-d6a5-42ce-97a0-b58c0c212293', '2025-08-18 16:05:02.596818+00', '2025-08-19 09:29:35.153592+00', NULL, 'aal1', NULL, '2025-08-19 09:29:35.15275', 'Mozilla/5.0 (Windows NT 10.0; Win64; x64) AppleWebKit/537.36 (KHTML, like Gecko) Chrome/139.0.0.0 Safari/537.36', '82.36.173.229', NULL),
	('5b1a3db2-6105-4e0b-8251-e8d305306bc9', 'cbf00e2b-d6a5-42ce-97a0-b58c0c212293', '2025-08-16 20:06:57.714247+00', '2025-08-16 23:07:28.359806+00', NULL, 'aal1', NULL, '2025-08-16 23:07:28.359434', 'Mozilla/5.0 (Windows NT 10.0; Win64; x64) AppleWebKit/537.36 (KHTML, like Gecko) Chrome/139.0.0.0 Safari/537.36', '82.36.173.229', NULL),
	('ba47e5a9-cf53-4dcf-849e-970e169e816b', 'cbf00e2b-d6a5-42ce-97a0-b58c0c212293', '2025-08-19 09:30:00.958235+00', '2025-08-19 09:30:00.958235+00', NULL, 'aal1', NULL, NULL, 'Mozilla/5.0 (Windows NT 10.0; Win64; x64) AppleWebKit/537.36 (KHTML, like Gecko) Chrome/139.0.0.0 Safari/537.36', '82.36.173.229', NULL),
	('7a34d6a1-0fe8-44af-9e06-82b956b81494', 'cbf00e2b-d6a5-42ce-97a0-b58c0c212293', '2025-08-15 14:46:34.745306+00', '2025-08-15 23:52:07.292117+00', NULL, 'aal1', NULL, '2025-08-15 23:52:07.292037', 'Mozilla/5.0 (Windows NT 10.0; Win64; x64) AppleWebKit/537.36 (KHTML, like Gecko) Chrome/139.0.0.0 Safari/537.36', '82.36.173.229', NULL),
	('cc49caa0-b1b6-4e43-bbaa-0488c6daaebf', '6cde5e21-92c5-4388-8646-b527e8d68b7a', '2025-08-16 00:40:45.982221+00', '2025-08-16 00:40:45.982221+00', NULL, 'aal1', NULL, NULL, 'Mozilla/5.0 (Windows NT 10.0; Win64; x64) AppleWebKit/537.36 (KHTML, like Gecko) Chrome/139.0.0.0 Safari/537.36', '82.36.173.229', NULL),
	('827e3583-6df2-4b6e-8f21-a310bf67d604', 'cbf00e2b-d6a5-42ce-97a0-b58c0c212293', '2025-08-17 19:12:15.960222+00', '2025-08-18 12:24:04.868278+00', NULL, 'aal1', NULL, '2025-08-18 12:24:04.868179', 'Mozilla/5.0 (Windows NT 10.0; Win64; x64) AppleWebKit/537.36 (KHTML, like Gecko) Chrome/139.0.0.0 Safari/537.36', '82.36.173.229', NULL),
	('1e7e8f41-282e-4f1c-8732-0418e4b6bbca', 'cbf00e2b-d6a5-42ce-97a0-b58c0c212293', '2025-08-15 14:04:29.458907+00', '2025-08-20 12:30:19.425256+00', NULL, 'aal1', NULL, '2025-08-20 12:30:19.422776', 'Mozilla/5.0 (Linux; Android 10; K) AppleWebKit/537.36 (KHTML, like Gecko) Chrome/139.0.0.0 Mobile Safari/537.36', '82.36.173.229', NULL),
	('39903dae-a02d-4fc8-9b87-5e5f15ad2233', 'cbf00e2b-d6a5-42ce-97a0-b58c0c212293', '2025-08-17 19:28:12.359898+00', '2025-08-18 15:51:26.464379+00', NULL, 'aal1', NULL, '2025-08-18 15:51:26.464302', 'Mozilla/5.0 (Windows NT 10.0; Win64; x64) AppleWebKit/537.36 (KHTML, like Gecko) Chrome/139.0.0.0 Safari/537.36', '82.36.173.229', NULL),
	('c5b18152-5825-4137-9ccd-0445f27e1817', 'cbf00e2b-d6a5-42ce-97a0-b58c0c212293', '2025-08-16 11:47:31.718385+00', '2025-08-16 19:39:28.278507+00', NULL, 'aal1', NULL, '2025-08-16 19:39:28.278417', 'Mozilla/5.0 (Windows NT 10.0; Win64; x64) AppleWebKit/537.36 (KHTML, like Gecko) Chrome/139.0.0.0 Safari/537.36', '82.36.173.229', NULL),
	('abca966f-2035-4f7a-b4b0-be5c7f0df818', '6cde5e21-92c5-4388-8646-b527e8d68b7a', '2025-08-16 00:23:08.213508+00', '2025-08-17 17:15:41.827167+00', NULL, 'aal1', NULL, '2025-08-17 17:15:41.826272', 'Mozilla/5.0 (Windows NT 10.0; Win64; x64) AppleWebKit/537.36 (KHTML, like Gecko) Chrome/139.0.0.0 Safari/537.36 Edg/139.0.0.0', '188.31.175.236', NULL),
	('3a566bd1-b461-412a-9ad9-a68c9864c0d4', 'cbf00e2b-d6a5-42ce-97a0-b58c0c212293', '2025-08-16 23:07:41.356227+00', '2025-08-17 18:57:53.847646+00', NULL, 'aal1', NULL, '2025-08-17 18:57:53.847032', 'Mozilla/5.0 (Windows NT 10.0; Win64; x64) AppleWebKit/537.36 (KHTML, like Gecko) Chrome/139.0.0.0 Safari/537.36', '82.36.173.229', NULL),
	('65919d4e-42c5-48db-ba25-8fcba27faa65', 'cbf00e2b-d6a5-42ce-97a0-b58c0c212293', '2025-08-21 06:08:36.317303+00', '2025-08-23 23:11:48.065399+00', NULL, 'aal1', NULL, '2025-08-23 23:11:48.065303', 'Mozilla/5.0 (Windows NT 10.0; Win64; x64) AppleWebKit/537.36 (KHTML, like Gecko) Chrome/139.0.0.0 Safari/537.36', '82.36.173.229', NULL),
	('4a7c1e2f-afef-460b-b02a-070c80a0634f', 'cbf00e2b-d6a5-42ce-97a0-b58c0c212293', '2025-08-23 23:12:37.231646+00', '2025-08-23 23:12:37.231646+00', NULL, 'aal1', NULL, NULL, 'Mozilla/5.0 (Windows NT 10.0; Win64; x64) AppleWebKit/537.36 (KHTML, like Gecko) Chrome/139.0.0.0 Safari/537.36', '82.36.173.229', NULL);


--
-- Data for Name: mfa_amr_claims; Type: TABLE DATA; Schema: auth; Owner: supabase_auth_admin
--

INSERT INTO "auth"."mfa_amr_claims" ("session_id", "created_at", "updated_at", "authentication_method", "id") VALUES
	('4a4222a5-0300-418b-926e-418391007a24', '2025-08-12 00:59:30.747258+00', '2025-08-12 00:59:30.747258+00', 'password', 'b707c5c3-654e-4afa-8884-f1049acc1865'),
	('6ad9ed20-57a4-4ced-aa48-ab29fe6a58e3', '2025-08-12 09:27:06.76612+00', '2025-08-12 09:27:06.76612+00', 'password', 'dd0d17fc-55c0-4761-9d05-09f54a46d36d'),
	('af4fcc8b-9261-42be-81ce-34938b0d786c', '2025-08-14 12:00:22.060045+00', '2025-08-14 12:00:22.060045+00', 'password', '54a02e7f-6e4a-4b6e-bdad-9bfa0f87d00d'),
	('58dc7296-ae64-4b92-bb0c-6bfb30229e08', '2025-08-15 10:32:48.618337+00', '2025-08-15 10:32:48.618337+00', 'password', '6a9cec89-3d31-4d62-8b0c-a3c94473ff89'),
	('25d9fa27-afe5-4957-8835-db6e0eadb7d8', '2025-08-15 10:35:30.968406+00', '2025-08-15 10:35:30.968406+00', 'password', '84397d3d-2efb-48ef-86a5-77cf3f838aae'),
	('9a6b0b6d-32a4-4f58-b662-5c2c9458a024', '2025-08-15 10:44:03.486388+00', '2025-08-15 10:44:03.486388+00', 'password', '64e3837e-c925-4604-aa99-eace66212866'),
	('f54d23b4-943e-4e9f-b87f-60a70eb93c32', '2025-08-15 10:45:07.242389+00', '2025-08-15 10:45:07.242389+00', 'password', 'bacc50a8-c83a-4ee0-87ac-07a6f183c8e7'),
	('489086fb-b2f0-4f32-bfac-d18887bef7b6', '2025-08-15 10:48:12.76765+00', '2025-08-15 10:48:12.76765+00', 'password', 'b671495a-6166-4511-81e5-1b7d771a77af'),
	('4c319d11-aa5a-4df0-8092-962c9e654ba1', '2025-08-15 10:55:01.015222+00', '2025-08-15 10:55:01.015222+00', 'password', '45f1866e-fbf5-45b7-9578-79542995b900'),
	('065ad988-aa5b-4b59-873c-0d66946f3d9d', '2025-08-15 11:01:27.723769+00', '2025-08-15 11:01:27.723769+00', 'password', '075e9dec-11ff-4502-b4d7-ec681086e0bf'),
	('9ac2888f-f1fb-428c-b833-eba94c5b3c8d', '2025-08-15 11:05:19.286537+00', '2025-08-15 11:05:19.286537+00', 'password', 'e607ae61-ba9d-45dd-a3d6-f19d4fcf8428'),
	('eedf1fa8-fa39-4d7a-8063-5b56b8e5243d', '2025-08-15 11:11:43.210223+00', '2025-08-15 11:11:43.210223+00', 'password', '70d501f8-838c-4c23-9639-bfaa1e55b091'),
	('3691d479-28ce-4b1f-b780-1fc8a5dcbaab', '2025-08-15 12:01:06.014827+00', '2025-08-15 12:01:06.014827+00', 'password', '27d29cc8-9f25-42e4-8be4-677c31c98c3c'),
	('1e7e8f41-282e-4f1c-8732-0418e4b6bbca', '2025-08-15 14:04:29.523753+00', '2025-08-15 14:04:29.523753+00', 'password', '2916698b-a866-41aa-b4f6-cd76cce74e51'),
	('3a679570-0ad8-48e3-8db0-9fcd3515ab78', '2025-08-15 14:31:13.317564+00', '2025-08-15 14:31:13.317564+00', 'password', 'ca056b78-14dd-4b49-9e0f-640597353190'),
	('dfb14504-8088-4845-931f-7ff96a7095d3', '2025-08-15 14:33:12.854061+00', '2025-08-15 14:33:12.854061+00', 'password', '53c5d6d9-7820-4fc0-8676-943c7a625a15'),
	('7a34d6a1-0fe8-44af-9e06-82b956b81494', '2025-08-15 14:46:34.760958+00', '2025-08-15 14:46:34.760958+00', 'password', '43d12008-668e-4fa3-b50c-b5c67b89ad91'),
	('abca966f-2035-4f7a-b4b0-be5c7f0df818', '2025-08-16 00:23:08.264209+00', '2025-08-16 00:23:08.264209+00', 'password', 'dac62e6e-c6e4-4d34-bb3a-0811552e39f5'),
	('cc49caa0-b1b6-4e43-bbaa-0488c6daaebf', '2025-08-16 00:40:46.006286+00', '2025-08-16 00:40:46.006286+00', 'password', 'b82000f1-7178-4018-ac41-53b4c7621b7a'),
	('c5b18152-5825-4137-9ccd-0445f27e1817', '2025-08-16 11:47:31.78265+00', '2025-08-16 11:47:31.78265+00', 'password', '554b40d1-3d3d-4057-8f4c-2e15105d03ff'),
	('5b1a3db2-6105-4e0b-8251-e8d305306bc9', '2025-08-16 20:06:57.748017+00', '2025-08-16 20:06:57.748017+00', 'password', 'c69427cd-3bb5-4ea2-9743-ce368b77c312'),
	('3a566bd1-b461-412a-9ad9-a68c9864c0d4', '2025-08-16 23:07:41.367904+00', '2025-08-16 23:07:41.367904+00', 'password', '9119e75c-8fca-4db5-b76a-6c10f95b81f7'),
	('827e3583-6df2-4b6e-8f21-a310bf67d604', '2025-08-17 19:12:16.015698+00', '2025-08-17 19:12:16.015698+00', 'password', 'd64d2298-144a-4c25-a66a-bee4ec517b78'),
	('39903dae-a02d-4fc8-9b87-5e5f15ad2233', '2025-08-17 19:28:12.381911+00', '2025-08-17 19:28:12.381911+00', 'password', '0040ba52-a9fc-44ad-9271-cbf9ca8399e4'),
	('f3266adc-bde8-4e98-8604-dfe3a5d0871f', '2025-08-18 16:05:02.618771+00', '2025-08-18 16:05:02.618771+00', 'password', 'db7171b8-b832-4f05-a96b-936373c1a806'),
	('05d696f2-8e5e-41da-9bbd-eee38f0f9e52', '2025-08-19 00:12:43.331362+00', '2025-08-19 00:12:43.331362+00', 'password', 'ddbfb9d3-d7f8-44af-8502-4dd9e5516862'),
	('ba47e5a9-cf53-4dcf-849e-970e169e816b', '2025-08-19 09:30:00.972563+00', '2025-08-19 09:30:00.972563+00', 'password', '73b7c846-0e9d-4fdd-aa6a-214f216b1c34'),
	('65919d4e-42c5-48db-ba25-8fcba27faa65', '2025-08-21 06:08:36.40931+00', '2025-08-21 06:08:36.40931+00', 'password', 'dedde740-cb88-4b33-a080-ddc9b86c5e37'),
	('4a7c1e2f-afef-460b-b02a-070c80a0634f', '2025-08-23 23:12:37.24247+00', '2025-08-23 23:12:37.24247+00', 'password', 'a0ed0952-18cd-476c-a6b8-c7bc9f66b73e');


--
-- Data for Name: mfa_factors; Type: TABLE DATA; Schema: auth; Owner: supabase_auth_admin
--



--
-- Data for Name: mfa_challenges; Type: TABLE DATA; Schema: auth; Owner: supabase_auth_admin
--



--
-- Data for Name: one_time_tokens; Type: TABLE DATA; Schema: auth; Owner: supabase_auth_admin
--



--
-- Data for Name: refresh_tokens; Type: TABLE DATA; Schema: auth; Owner: supabase_auth_admin
--

INSERT INTO "auth"."refresh_tokens" ("instance_id", "id", "token", "user_id", "revoked", "created_at", "updated_at", "parent", "session_id") VALUES
	('00000000-0000-0000-0000-000000000000', 224, 'u4y7b5fb4uqb', 'cbf00e2b-d6a5-42ce-97a0-b58c0c212293', true, '2025-08-16 21:07:04.962635+00', '2025-08-16 22:05:28.993001+00', 'yb2rs2oyjmb6', '5b1a3db2-6105-4e0b-8251-e8d305306bc9'),
	('00000000-0000-0000-0000-000000000000', 225, 'msljs2ehifrx', '6cde5e21-92c5-4388-8646-b527e8d68b7a', true, '2025-08-16 21:46:05.96677+00', '2025-08-16 22:44:34.381672+00', 't4rfxqmk6g62', 'abca966f-2035-4f7a-b4b0-be5c7f0df818'),
	('00000000-0000-0000-0000-000000000000', 226, 'mhgyc3fygxrr', 'cbf00e2b-d6a5-42ce-97a0-b58c0c212293', true, '2025-08-16 22:05:28.998243+00', '2025-08-16 23:07:28.344057+00', 'u4y7b5fb4uqb', '5b1a3db2-6105-4e0b-8251-e8d305306bc9'),
	('00000000-0000-0000-0000-000000000000', 228, 'tpviaux4mxja', 'cbf00e2b-d6a5-42ce-97a0-b58c0c212293', false, '2025-08-16 23:07:28.349972+00', '2025-08-16 23:07:28.349972+00', 'mhgyc3fygxrr', '5b1a3db2-6105-4e0b-8251-e8d305306bc9'),
	('00000000-0000-0000-0000-000000000000', 229, 'v4opw72ibjan', 'cbf00e2b-d6a5-42ce-97a0-b58c0c212293', true, '2025-08-16 23:07:41.363461+00', '2025-08-17 00:08:09.275141+00', NULL, '3a566bd1-b461-412a-9ad9-a68c9864c0d4'),
	('00000000-0000-0000-0000-000000000000', 230, 's7ftm54tpmzj', 'cbf00e2b-d6a5-42ce-97a0-b58c0c212293', true, '2025-08-17 00:08:09.300922+00', '2025-08-17 09:17:21.005937+00', 'v4opw72ibjan', '3a566bd1-b461-412a-9ad9-a68c9864c0d4'),
	('00000000-0000-0000-0000-000000000000', 227, 'mroe262dhcdb', '6cde5e21-92c5-4388-8646-b527e8d68b7a', true, '2025-08-16 22:44:34.406746+00', '2025-08-17 17:15:41.794511+00', 'msljs2ehifrx', 'abca966f-2035-4f7a-b4b0-be5c7f0df818'),
	('00000000-0000-0000-0000-000000000000', 217, '4xk2jmb5yjn2', 'cbf00e2b-d6a5-42ce-97a0-b58c0c212293', true, '2025-08-16 09:06:12.255392+00', '2025-08-17 22:17:22.5876+00', 'usjl4r44et43', '1e7e8f41-282e-4f1c-8732-0418e4b6bbca'),
	('00000000-0000-0000-0000-000000000000', 164, '5jtmdzvbrxek', '87fbcdc2-cef7-4e53-9e7e-15cdd37627ac', true, '2025-08-12 00:59:30.724774+00', '2025-08-12 01:57:31.756573+00', NULL, '4a4222a5-0300-418b-926e-418391007a24'),
	('00000000-0000-0000-0000-000000000000', 165, 'pcdxuzwwitlk', '87fbcdc2-cef7-4e53-9e7e-15cdd37627ac', true, '2025-08-12 01:57:31.76272+00', '2025-08-12 08:47:48.571378+00', '5jtmdzvbrxek', '4a4222a5-0300-418b-926e-418391007a24'),
	('00000000-0000-0000-0000-000000000000', 166, 'cxry5z3tyc5e', '87fbcdc2-cef7-4e53-9e7e-15cdd37627ac', false, '2025-08-12 08:47:48.590488+00', '2025-08-12 08:47:48.590488+00', 'pcdxuzwwitlk', '4a4222a5-0300-418b-926e-418391007a24'),
	('00000000-0000-0000-0000-000000000000', 167, 'pjsepcoahqyh', '87fbcdc2-cef7-4e53-9e7e-15cdd37627ac', true, '2025-08-12 09:27:06.750083+00', '2025-08-12 10:25:11.111138+00', NULL, '6ad9ed20-57a4-4ced-aa48-ab29fe6a58e3'),
	('00000000-0000-0000-0000-000000000000', 168, 'wpm6elgut64y', '87fbcdc2-cef7-4e53-9e7e-15cdd37627ac', true, '2025-08-12 10:25:11.118883+00', '2025-08-12 11:23:19.092419+00', 'pjsepcoahqyh', '6ad9ed20-57a4-4ced-aa48-ab29fe6a58e3'),
	('00000000-0000-0000-0000-000000000000', 169, '32cmxjuj3yqz', '87fbcdc2-cef7-4e53-9e7e-15cdd37627ac', true, '2025-08-12 11:23:19.097585+00', '2025-08-12 12:22:10.705404+00', 'wpm6elgut64y', '6ad9ed20-57a4-4ced-aa48-ab29fe6a58e3'),
	('00000000-0000-0000-0000-000000000000', 170, 'iyak4okg5ruv', '87fbcdc2-cef7-4e53-9e7e-15cdd37627ac', true, '2025-08-12 12:22:10.712991+00', '2025-08-12 13:20:37.548772+00', '32cmxjuj3yqz', '6ad9ed20-57a4-4ced-aa48-ab29fe6a58e3'),
	('00000000-0000-0000-0000-000000000000', 171, 'kiavjobx5rbm', '87fbcdc2-cef7-4e53-9e7e-15cdd37627ac', true, '2025-08-12 13:20:37.558424+00', '2025-08-12 15:17:23.877016+00', 'iyak4okg5ruv', '6ad9ed20-57a4-4ced-aa48-ab29fe6a58e3'),
	('00000000-0000-0000-0000-000000000000', 172, 'fo2esopiimcc', '87fbcdc2-cef7-4e53-9e7e-15cdd37627ac', true, '2025-08-12 15:17:23.899413+00', '2025-08-12 16:18:55.651978+00', 'kiavjobx5rbm', '6ad9ed20-57a4-4ced-aa48-ab29fe6a58e3'),
	('00000000-0000-0000-0000-000000000000', 173, '2n6ikcexxjyw', '87fbcdc2-cef7-4e53-9e7e-15cdd37627ac', true, '2025-08-12 16:18:55.667403+00', '2025-08-12 18:09:30.296761+00', 'fo2esopiimcc', '6ad9ed20-57a4-4ced-aa48-ab29fe6a58e3'),
	('00000000-0000-0000-0000-000000000000', 174, 'qtslxkamvhcy', '87fbcdc2-cef7-4e53-9e7e-15cdd37627ac', false, '2025-08-12 18:09:30.314923+00', '2025-08-12 18:09:30.314923+00', '2n6ikcexxjyw', '6ad9ed20-57a4-4ced-aa48-ab29fe6a58e3'),
	('00000000-0000-0000-0000-000000000000', 184, 'kjd5nmhxdney', '87fbcdc2-cef7-4e53-9e7e-15cdd37627ac', false, '2025-08-14 12:00:22.058244+00', '2025-08-14 12:00:22.058244+00', NULL, 'af4fcc8b-9261-42be-81ce-34938b0d786c'),
	('00000000-0000-0000-0000-000000000000', 192, 'fp5nhouyha6a', 'cbf00e2b-d6a5-42ce-97a0-b58c0c212293', false, '2025-08-15 10:32:48.609843+00', '2025-08-15 10:32:48.609843+00', NULL, '58dc7296-ae64-4b92-bb0c-6bfb30229e08'),
	('00000000-0000-0000-0000-000000000000', 193, 'clbkmfmsdd6l', 'cbf00e2b-d6a5-42ce-97a0-b58c0c212293', false, '2025-08-15 10:35:30.966452+00', '2025-08-15 10:35:30.966452+00', NULL, '25d9fa27-afe5-4957-8835-db6e0eadb7d8'),
	('00000000-0000-0000-0000-000000000000', 194, 'aayjg63otvdw', 'cbf00e2b-d6a5-42ce-97a0-b58c0c212293', false, '2025-08-15 10:44:03.470314+00', '2025-08-15 10:44:03.470314+00', NULL, '9a6b0b6d-32a4-4f58-b662-5c2c9458a024'),
	('00000000-0000-0000-0000-000000000000', 195, 'yekmkzwqllph', 'cbf00e2b-d6a5-42ce-97a0-b58c0c212293', false, '2025-08-15 10:45:07.23987+00', '2025-08-15 10:45:07.23987+00', NULL, 'f54d23b4-943e-4e9f-b87f-60a70eb93c32'),
	('00000000-0000-0000-0000-000000000000', 196, 'rz35vfh6escr', 'cbf00e2b-d6a5-42ce-97a0-b58c0c212293', false, '2025-08-15 10:48:12.76483+00', '2025-08-15 10:48:12.76483+00', NULL, '489086fb-b2f0-4f32-bfac-d18887bef7b6'),
	('00000000-0000-0000-0000-000000000000', 197, 'mvdnxss5mgzv', 'cbf00e2b-d6a5-42ce-97a0-b58c0c212293', false, '2025-08-15 10:55:01.003388+00', '2025-08-15 10:55:01.003388+00', NULL, '4c319d11-aa5a-4df0-8092-962c9e654ba1'),
	('00000000-0000-0000-0000-000000000000', 198, 'qudrjzaz2d4k', 'cbf00e2b-d6a5-42ce-97a0-b58c0c212293', false, '2025-08-15 11:01:27.710564+00', '2025-08-15 11:01:27.710564+00', NULL, '065ad988-aa5b-4b59-873c-0d66946f3d9d'),
	('00000000-0000-0000-0000-000000000000', 199, 'qnkub5ji6crc', 'cbf00e2b-d6a5-42ce-97a0-b58c0c212293', false, '2025-08-15 11:05:19.2815+00', '2025-08-15 11:05:19.2815+00', NULL, '9ac2888f-f1fb-428c-b833-eba94c5b3c8d'),
	('00000000-0000-0000-0000-000000000000', 200, 'o7lmm72fdsdz', 'cbf00e2b-d6a5-42ce-97a0-b58c0c212293', false, '2025-08-15 11:11:43.205513+00', '2025-08-15 11:11:43.205513+00', NULL, 'eedf1fa8-fa39-4d7a-8063-5b56b8e5243d'),
	('00000000-0000-0000-0000-000000000000', 201, 'bly5blz3cbhz', 'cbf00e2b-d6a5-42ce-97a0-b58c0c212293', true, '2025-08-15 12:01:05.997672+00', '2025-08-15 14:30:30.945863+00', NULL, '3691d479-28ce-4b1f-b780-1fc8a5dcbaab'),
	('00000000-0000-0000-0000-000000000000', 203, 'hiu2e3ofevrs', 'cbf00e2b-d6a5-42ce-97a0-b58c0c212293', false, '2025-08-15 14:30:30.951851+00', '2025-08-15 14:30:30.951851+00', 'bly5blz3cbhz', '3691d479-28ce-4b1f-b780-1fc8a5dcbaab'),
	('00000000-0000-0000-0000-000000000000', 204, 'wdruudg3oru7', 'cbf00e2b-d6a5-42ce-97a0-b58c0c212293', false, '2025-08-15 14:31:13.31505+00', '2025-08-15 14:31:13.31505+00', NULL, '3a679570-0ad8-48e3-8db0-9fcd3515ab78'),
	('00000000-0000-0000-0000-000000000000', 205, 'yvcxt4oerzig', 'cbf00e2b-d6a5-42ce-97a0-b58c0c212293', false, '2025-08-15 14:33:12.846353+00', '2025-08-15 14:33:12.846353+00', NULL, 'dfb14504-8088-4845-931f-7ff96a7095d3'),
	('00000000-0000-0000-0000-000000000000', 206, '6cegm3izvcd5', 'cbf00e2b-d6a5-42ce-97a0-b58c0c212293', true, '2025-08-15 14:46:34.750525+00', '2025-08-15 15:45:21.33738+00', NULL, '7a34d6a1-0fe8-44af-9e06-82b956b81494'),
	('00000000-0000-0000-0000-000000000000', 207, 'm4pyjpfqrpjy', 'cbf00e2b-d6a5-42ce-97a0-b58c0c212293', true, '2025-08-15 15:45:21.357776+00', '2025-08-15 17:04:26.56882+00', '6cegm3izvcd5', '7a34d6a1-0fe8-44af-9e06-82b956b81494'),
	('00000000-0000-0000-0000-000000000000', 208, 'xvlcocmk26nq', 'cbf00e2b-d6a5-42ce-97a0-b58c0c212293', true, '2025-08-15 17:04:26.584898+00', '2025-08-15 18:31:20.864741+00', 'm4pyjpfqrpjy', '7a34d6a1-0fe8-44af-9e06-82b956b81494'),
	('00000000-0000-0000-0000-000000000000', 209, 'nlt3gonnzpp5', 'cbf00e2b-d6a5-42ce-97a0-b58c0c212293', true, '2025-08-15 18:31:20.88138+00', '2025-08-15 20:24:58.29103+00', 'xvlcocmk26nq', '7a34d6a1-0fe8-44af-9e06-82b956b81494'),
	('00000000-0000-0000-0000-000000000000', 210, 'vlxvyoenefax', 'cbf00e2b-d6a5-42ce-97a0-b58c0c212293', true, '2025-08-15 20:24:58.31581+00', '2025-08-15 21:51:17.067811+00', 'nlt3gonnzpp5', '7a34d6a1-0fe8-44af-9e06-82b956b81494'),
	('00000000-0000-0000-0000-000000000000', 211, '7axzecjydqjs', 'cbf00e2b-d6a5-42ce-97a0-b58c0c212293', true, '2025-08-15 21:51:17.099424+00', '2025-08-15 22:49:41.118202+00', 'vlxvyoenefax', '7a34d6a1-0fe8-44af-9e06-82b956b81494'),
	('00000000-0000-0000-0000-000000000000', 212, 'p4snqdztr46c', 'cbf00e2b-d6a5-42ce-97a0-b58c0c212293', true, '2025-08-15 22:49:41.130223+00', '2025-08-15 23:52:07.254637+00', '7axzecjydqjs', '7a34d6a1-0fe8-44af-9e06-82b956b81494'),
	('00000000-0000-0000-0000-000000000000', 213, 'eg7x55pqfigf', 'cbf00e2b-d6a5-42ce-97a0-b58c0c212293', false, '2025-08-15 23:52:07.273103+00', '2025-08-15 23:52:07.273103+00', 'p4snqdztr46c', '7a34d6a1-0fe8-44af-9e06-82b956b81494'),
	('00000000-0000-0000-0000-000000000000', 215, 'cymvbe4mdzul', '6cde5e21-92c5-4388-8646-b527e8d68b7a', false, '2025-08-16 00:40:45.98929+00', '2025-08-16 00:40:45.98929+00', NULL, 'cc49caa0-b1b6-4e43-bbaa-0488c6daaebf'),
	('00000000-0000-0000-0000-000000000000', 214, 'd7qmjcfzpv6g', '6cde5e21-92c5-4388-8646-b527e8d68b7a', true, '2025-08-16 00:23:08.229901+00', '2025-08-16 01:21:11.039186+00', NULL, 'abca966f-2035-4f7a-b4b0-be5c7f0df818'),
	('00000000-0000-0000-0000-000000000000', 202, 'usjl4r44et43', 'cbf00e2b-d6a5-42ce-97a0-b58c0c212293', true, '2025-08-15 14:04:29.487479+00', '2025-08-16 09:06:12.230206+00', NULL, '1e7e8f41-282e-4f1c-8732-0418e4b6bbca'),
	('00000000-0000-0000-0000-000000000000', 218, 'u4bmsbe2vrlj', 'cbf00e2b-d6a5-42ce-97a0-b58c0c212293', true, '2025-08-16 11:47:31.737846+00', '2025-08-16 13:10:01.554037+00', NULL, 'c5b18152-5825-4137-9ccd-0445f27e1817'),
	('00000000-0000-0000-0000-000000000000', 219, 'gdqeyqjwqc7v', 'cbf00e2b-d6a5-42ce-97a0-b58c0c212293', true, '2025-08-16 13:10:01.566603+00', '2025-08-16 15:54:14.209013+00', 'u4bmsbe2vrlj', 'c5b18152-5825-4137-9ccd-0445f27e1817'),
	('00000000-0000-0000-0000-000000000000', 220, 'jl5zy7ozkbwf', 'cbf00e2b-d6a5-42ce-97a0-b58c0c212293', true, '2025-08-16 15:54:14.227244+00', '2025-08-16 16:59:42.589452+00', 'gdqeyqjwqc7v', 'c5b18152-5825-4137-9ccd-0445f27e1817'),
	('00000000-0000-0000-0000-000000000000', 221, '7ymiohdwsiyb', 'cbf00e2b-d6a5-42ce-97a0-b58c0c212293', true, '2025-08-16 16:59:42.60472+00', '2025-08-16 19:39:28.242617+00', 'jl5zy7ozkbwf', 'c5b18152-5825-4137-9ccd-0445f27e1817'),
	('00000000-0000-0000-0000-000000000000', 222, 'tlyh57vaivtw', 'cbf00e2b-d6a5-42ce-97a0-b58c0c212293', false, '2025-08-16 19:39:28.260217+00', '2025-08-16 19:39:28.260217+00', '7ymiohdwsiyb', 'c5b18152-5825-4137-9ccd-0445f27e1817'),
	('00000000-0000-0000-0000-000000000000', 223, 'yb2rs2oyjmb6', 'cbf00e2b-d6a5-42ce-97a0-b58c0c212293', true, '2025-08-16 20:06:57.72577+00', '2025-08-16 21:07:04.943423+00', NULL, '5b1a3db2-6105-4e0b-8251-e8d305306bc9'),
	('00000000-0000-0000-0000-000000000000', 216, 't4rfxqmk6g62', '6cde5e21-92c5-4388-8646-b527e8d68b7a', true, '2025-08-16 01:21:11.061437+00', '2025-08-16 21:46:05.945904+00', 'd7qmjcfzpv6g', 'abca966f-2035-4f7a-b4b0-be5c7f0df818'),
	('00000000-0000-0000-0000-000000000000', 231, 'mujbn4v7mtj4', 'cbf00e2b-d6a5-42ce-97a0-b58c0c212293', true, '2025-08-17 09:17:21.033842+00', '2025-08-17 12:14:27.367212+00', 's7ftm54tpmzj', '3a566bd1-b461-412a-9ad9-a68c9864c0d4'),
	('00000000-0000-0000-0000-000000000000', 232, '3tlmcb6fqhlg', 'cbf00e2b-d6a5-42ce-97a0-b58c0c212293', true, '2025-08-17 12:14:27.379664+00', '2025-08-17 13:29:22.926032+00', 'mujbn4v7mtj4', '3a566bd1-b461-412a-9ad9-a68c9864c0d4'),
	('00000000-0000-0000-0000-000000000000', 233, 'qgrj4fsfwjzd', 'cbf00e2b-d6a5-42ce-97a0-b58c0c212293', true, '2025-08-17 13:29:22.949572+00', '2025-08-17 16:19:34.129482+00', '3tlmcb6fqhlg', '3a566bd1-b461-412a-9ad9-a68c9864c0d4'),
	('00000000-0000-0000-0000-000000000000', 235, 'bef3q2rnr6bd', '6cde5e21-92c5-4388-8646-b527e8d68b7a', false, '2025-08-17 17:15:41.813169+00', '2025-08-17 17:15:41.813169+00', 'mroe262dhcdb', 'abca966f-2035-4f7a-b4b0-be5c7f0df818'),
	('00000000-0000-0000-0000-000000000000', 234, 'gduroq2tt2kp', 'cbf00e2b-d6a5-42ce-97a0-b58c0c212293', true, '2025-08-17 16:19:34.150547+00', '2025-08-17 18:57:53.82376+00', 'qgrj4fsfwjzd', '3a566bd1-b461-412a-9ad9-a68c9864c0d4'),
	('00000000-0000-0000-0000-000000000000', 236, '3tahiz2qcdki', 'cbf00e2b-d6a5-42ce-97a0-b58c0c212293', false, '2025-08-17 18:57:53.834984+00', '2025-08-17 18:57:53.834984+00', 'gduroq2tt2kp', '3a566bd1-b461-412a-9ad9-a68c9864c0d4'),
	('00000000-0000-0000-0000-000000000000', 238, '5qiik54i5jgm', 'cbf00e2b-d6a5-42ce-97a0-b58c0c212293', true, '2025-08-17 19:28:12.366551+00', '2025-08-17 21:01:39.689525+00', NULL, '39903dae-a02d-4fc8-9b87-5e5f15ad2233'),
	('00000000-0000-0000-0000-000000000000', 237, '3culk4ckvv2n', 'cbf00e2b-d6a5-42ce-97a0-b58c0c212293', true, '2025-08-17 19:12:15.984818+00', '2025-08-17 21:01:40.633148+00', NULL, '827e3583-6df2-4b6e-8f21-a310bf67d604'),
	('00000000-0000-0000-0000-000000000000', 239, '62x5hyucuc2g', 'cbf00e2b-d6a5-42ce-97a0-b58c0c212293', true, '2025-08-17 21:01:39.711315+00', '2025-08-17 22:02:11.694881+00', '5qiik54i5jgm', '39903dae-a02d-4fc8-9b87-5e5f15ad2233'),
	('00000000-0000-0000-0000-000000000000', 241, 'boslhopnarg4', 'cbf00e2b-d6a5-42ce-97a0-b58c0c212293', true, '2025-08-17 22:02:11.703926+00', '2025-08-17 23:21:24.873887+00', '62x5hyucuc2g', '39903dae-a02d-4fc8-9b87-5e5f15ad2233'),
	('00000000-0000-0000-0000-000000000000', 240, 'oib5d5vmx4no', 'cbf00e2b-d6a5-42ce-97a0-b58c0c212293', true, '2025-08-17 21:01:40.63352+00', '2025-08-17 23:25:08.617858+00', '3culk4ckvv2n', '827e3583-6df2-4b6e-8f21-a310bf67d604'),
	('00000000-0000-0000-0000-000000000000', 244, 'e3yz2uk6twqb', 'cbf00e2b-d6a5-42ce-97a0-b58c0c212293', true, '2025-08-17 23:25:08.620919+00', '2025-08-18 07:10:06.256708+00', 'oib5d5vmx4no', '827e3583-6df2-4b6e-8f21-a310bf67d604'),
	('00000000-0000-0000-0000-000000000000', 243, 'ksug5gjs6xwd', 'cbf00e2b-d6a5-42ce-97a0-b58c0c212293', true, '2025-08-17 23:21:24.893764+00', '2025-08-18 07:13:30.636392+00', 'boslhopnarg4', '39903dae-a02d-4fc8-9b87-5e5f15ad2233'),
	('00000000-0000-0000-0000-000000000000', 245, 'zjrbbpyomrqt', 'cbf00e2b-d6a5-42ce-97a0-b58c0c212293', true, '2025-08-18 07:10:06.28429+00', '2025-08-18 08:10:37.915949+00', 'e3yz2uk6twqb', '827e3583-6df2-4b6e-8f21-a310bf67d604'),
	('00000000-0000-0000-0000-000000000000', 246, 'gi2lxnnrknah', 'cbf00e2b-d6a5-42ce-97a0-b58c0c212293', true, '2025-08-18 07:13:30.641137+00', '2025-08-18 08:12:49.136339+00', 'ksug5gjs6xwd', '39903dae-a02d-4fc8-9b87-5e5f15ad2233'),
	('00000000-0000-0000-0000-000000000000', 247, 'y7tufjxyt3ol', 'cbf00e2b-d6a5-42ce-97a0-b58c0c212293', true, '2025-08-18 08:10:37.92486+00', '2025-08-18 10:19:18.575906+00', 'zjrbbpyomrqt', '827e3583-6df2-4b6e-8f21-a310bf67d604'),
	('00000000-0000-0000-0000-000000000000', 248, 'wp5eprqoim4o', 'cbf00e2b-d6a5-42ce-97a0-b58c0c212293', true, '2025-08-18 08:12:49.137076+00', '2025-08-18 10:35:00.398692+00', 'gi2lxnnrknah', '39903dae-a02d-4fc8-9b87-5e5f15ad2233'),
	('00000000-0000-0000-0000-000000000000', 249, '5vude7ce4dyy', 'cbf00e2b-d6a5-42ce-97a0-b58c0c212293', true, '2025-08-18 10:19:18.598242+00', '2025-08-18 11:23:26.902852+00', 'y7tufjxyt3ol', '827e3583-6df2-4b6e-8f21-a310bf67d604'),
	('00000000-0000-0000-0000-000000000000', 250, 'pif5l3yitxdf', 'cbf00e2b-d6a5-42ce-97a0-b58c0c212293', true, '2025-08-18 10:35:00.408648+00', '2025-08-18 11:33:04.129524+00', 'wp5eprqoim4o', '39903dae-a02d-4fc8-9b87-5e5f15ad2233'),
	('00000000-0000-0000-0000-000000000000', 251, 'jg6xvbd2lnsl', 'cbf00e2b-d6a5-42ce-97a0-b58c0c212293', true, '2025-08-18 11:23:26.928467+00', '2025-08-18 12:24:04.842866+00', '5vude7ce4dyy', '827e3583-6df2-4b6e-8f21-a310bf67d604'),
	('00000000-0000-0000-0000-000000000000', 253, 'lissx4h7szyf', 'cbf00e2b-d6a5-42ce-97a0-b58c0c212293', false, '2025-08-18 12:24:04.855296+00', '2025-08-18 12:24:04.855296+00', 'jg6xvbd2lnsl', '827e3583-6df2-4b6e-8f21-a310bf67d604'),
	('00000000-0000-0000-0000-000000000000', 252, 'qv2l56k2kgsd', 'cbf00e2b-d6a5-42ce-97a0-b58c0c212293', true, '2025-08-18 11:33:04.136033+00', '2025-08-18 12:54:05.694939+00', 'pif5l3yitxdf', '39903dae-a02d-4fc8-9b87-5e5f15ad2233'),
	('00000000-0000-0000-0000-000000000000', 254, 'cqyf4nu3jjqg', 'cbf00e2b-d6a5-42ce-97a0-b58c0c212293', true, '2025-08-18 12:54:05.707364+00', '2025-08-18 15:51:26.440278+00', 'qv2l56k2kgsd', '39903dae-a02d-4fc8-9b87-5e5f15ad2233'),
	('00000000-0000-0000-0000-000000000000', 255, '5rn4lu726fl3', 'cbf00e2b-d6a5-42ce-97a0-b58c0c212293', false, '2025-08-18 15:51:26.454558+00', '2025-08-18 15:51:26.454558+00', 'cqyf4nu3jjqg', '39903dae-a02d-4fc8-9b87-5e5f15ad2233'),
	('00000000-0000-0000-0000-000000000000', 256, '6gantzrsnjg7', 'cbf00e2b-d6a5-42ce-97a0-b58c0c212293', true, '2025-08-18 16:05:02.606428+00', '2025-08-18 18:08:36.351956+00', NULL, 'f3266adc-bde8-4e98-8604-dfe3a5d0871f'),
	('00000000-0000-0000-0000-000000000000', 257, 'vutl47ak425c', 'cbf00e2b-d6a5-42ce-97a0-b58c0c212293', true, '2025-08-18 18:08:36.379729+00', '2025-08-18 19:49:19.008092+00', '6gantzrsnjg7', 'f3266adc-bde8-4e98-8604-dfe3a5d0871f'),
	('00000000-0000-0000-0000-000000000000', 259, 'xwhfbbmsl7zw', 'cbf00e2b-d6a5-42ce-97a0-b58c0c212293', false, '2025-08-19 00:12:43.271326+00', '2025-08-19 00:12:43.271326+00', NULL, '05d696f2-8e5e-41da-9bbd-eee38f0f9e52'),
	('00000000-0000-0000-0000-000000000000', 258, 'vcokthxsg4bg', 'cbf00e2b-d6a5-42ce-97a0-b58c0c212293', true, '2025-08-18 19:49:19.02749+00', '2025-08-19 09:29:35.100936+00', 'vutl47ak425c', 'f3266adc-bde8-4e98-8604-dfe3a5d0871f'),
	('00000000-0000-0000-0000-000000000000', 260, 'dmmqcsvikerg', 'cbf00e2b-d6a5-42ce-97a0-b58c0c212293', false, '2025-08-19 09:29:35.125857+00', '2025-08-19 09:29:35.125857+00', 'vcokthxsg4bg', 'f3266adc-bde8-4e98-8604-dfe3a5d0871f'),
	('00000000-0000-0000-0000-000000000000', 261, '5pxqonz3ixcq', 'cbf00e2b-d6a5-42ce-97a0-b58c0c212293', false, '2025-08-19 09:30:00.967149+00', '2025-08-19 09:30:00.967149+00', NULL, 'ba47e5a9-cf53-4dcf-849e-970e169e816b'),
	('00000000-0000-0000-0000-000000000000', 242, 'al3nfsfbrdcu', 'cbf00e2b-d6a5-42ce-97a0-b58c0c212293', true, '2025-08-17 22:17:22.595947+00', '2025-08-20 07:44:30.977767+00', '4xk2jmb5yjn2', '1e7e8f41-282e-4f1c-8732-0418e4b6bbca'),
	('00000000-0000-0000-0000-000000000000', 262, 'o5tvnss2qknu', 'cbf00e2b-d6a5-42ce-97a0-b58c0c212293', true, '2025-08-20 07:44:31.003777+00', '2025-08-20 12:30:19.379214+00', 'al3nfsfbrdcu', '1e7e8f41-282e-4f1c-8732-0418e4b6bbca'),
	('00000000-0000-0000-0000-000000000000', 263, 'ziw4pczmjrts', 'cbf00e2b-d6a5-42ce-97a0-b58c0c212293', false, '2025-08-20 12:30:19.396739+00', '2025-08-20 12:30:19.396739+00', 'o5tvnss2qknu', '1e7e8f41-282e-4f1c-8732-0418e4b6bbca'),
	('00000000-0000-0000-0000-000000000000', 264, 's2kxzuxzk4ap', 'cbf00e2b-d6a5-42ce-97a0-b58c0c212293', true, '2025-08-21 06:08:36.341741+00', '2025-08-21 10:27:17.845427+00', NULL, '65919d4e-42c5-48db-ba25-8fcba27faa65'),
	('00000000-0000-0000-0000-000000000000', 265, 'p2o7sfqw5x4d', 'cbf00e2b-d6a5-42ce-97a0-b58c0c212293', true, '2025-08-21 10:27:17.868984+00', '2025-08-21 12:32:27.166681+00', 's2kxzuxzk4ap', '65919d4e-42c5-48db-ba25-8fcba27faa65'),
	('00000000-0000-0000-0000-000000000000', 266, 'n6wkaqc43j7j', 'cbf00e2b-d6a5-42ce-97a0-b58c0c212293', true, '2025-08-21 12:32:27.184516+00', '2025-08-21 13:57:14.820217+00', 'p2o7sfqw5x4d', '65919d4e-42c5-48db-ba25-8fcba27faa65'),
	('00000000-0000-0000-0000-000000000000', 267, 'scezyyhhitfm', 'cbf00e2b-d6a5-42ce-97a0-b58c0c212293', true, '2025-08-21 13:57:14.842017+00', '2025-08-21 15:26:43.05986+00', 'n6wkaqc43j7j', '65919d4e-42c5-48db-ba25-8fcba27faa65'),
	('00000000-0000-0000-0000-000000000000', 268, 'o5vtid7bbdmv', 'cbf00e2b-d6a5-42ce-97a0-b58c0c212293', true, '2025-08-21 15:26:43.074039+00', '2025-08-21 18:50:59.698001+00', 'scezyyhhitfm', '65919d4e-42c5-48db-ba25-8fcba27faa65'),
	('00000000-0000-0000-0000-000000000000', 269, 'b3d3oiz3cavo', 'cbf00e2b-d6a5-42ce-97a0-b58c0c212293', true, '2025-08-21 18:50:59.725909+00', '2025-08-21 21:14:59.435302+00', 'o5vtid7bbdmv', '65919d4e-42c5-48db-ba25-8fcba27faa65'),
	('00000000-0000-0000-0000-000000000000', 270, 'qru72vb2xdxg', 'cbf00e2b-d6a5-42ce-97a0-b58c0c212293', true, '2025-08-21 21:14:59.45619+00', '2025-08-21 22:20:45.807604+00', 'b3d3oiz3cavo', '65919d4e-42c5-48db-ba25-8fcba27faa65'),
	('00000000-0000-0000-0000-000000000000', 271, 'pymeucethcxj', 'cbf00e2b-d6a5-42ce-97a0-b58c0c212293', true, '2025-08-21 22:20:45.832049+00', '2025-08-21 23:30:32.384675+00', 'qru72vb2xdxg', '65919d4e-42c5-48db-ba25-8fcba27faa65'),
	('00000000-0000-0000-0000-000000000000', 272, '4smgjs3yhple', 'cbf00e2b-d6a5-42ce-97a0-b58c0c212293', true, '2025-08-21 23:30:32.405094+00', '2025-08-22 10:11:20.959917+00', 'pymeucethcxj', '65919d4e-42c5-48db-ba25-8fcba27faa65'),
	('00000000-0000-0000-0000-000000000000', 273, 'tv4ignbk4ccw', 'cbf00e2b-d6a5-42ce-97a0-b58c0c212293', true, '2025-08-22 10:11:20.988823+00', '2025-08-22 17:22:19.195719+00', '4smgjs3yhple', '65919d4e-42c5-48db-ba25-8fcba27faa65'),
	('00000000-0000-0000-0000-000000000000', 274, 'pxk5tdtjezmo', 'cbf00e2b-d6a5-42ce-97a0-b58c0c212293', true, '2025-08-22 17:22:19.21689+00', '2025-08-22 21:56:49.468245+00', 'tv4ignbk4ccw', '65919d4e-42c5-48db-ba25-8fcba27faa65'),
	('00000000-0000-0000-0000-000000000000', 275, 'o7z5npcucvq4', 'cbf00e2b-d6a5-42ce-97a0-b58c0c212293', true, '2025-08-22 21:56:49.49274+00', '2025-08-23 19:36:01.079568+00', 'pxk5tdtjezmo', '65919d4e-42c5-48db-ba25-8fcba27faa65'),
	('00000000-0000-0000-0000-000000000000', 276, 'dazm5nhc55xi', 'cbf00e2b-d6a5-42ce-97a0-b58c0c212293', true, '2025-08-23 19:36:01.097616+00', '2025-08-23 23:11:48.038821+00', 'o7z5npcucvq4', '65919d4e-42c5-48db-ba25-8fcba27faa65'),
	('00000000-0000-0000-0000-000000000000', 277, 'zf4ap6babgq4', 'cbf00e2b-d6a5-42ce-97a0-b58c0c212293', false, '2025-08-23 23:11:48.05004+00', '2025-08-23 23:11:48.05004+00', 'dazm5nhc55xi', '65919d4e-42c5-48db-ba25-8fcba27faa65'),
	('00000000-0000-0000-0000-000000000000', 278, 'mbkn5p4koahn', 'cbf00e2b-d6a5-42ce-97a0-b58c0c212293', false, '2025-08-23 23:12:37.239095+00', '2025-08-23 23:12:37.239095+00', NULL, '4a7c1e2f-afef-460b-b02a-070c80a0634f');


--
-- Data for Name: sso_providers; Type: TABLE DATA; Schema: auth; Owner: supabase_auth_admin
--



--
-- Data for Name: saml_providers; Type: TABLE DATA; Schema: auth; Owner: supabase_auth_admin
--



--
-- Data for Name: saml_relay_states; Type: TABLE DATA; Schema: auth; Owner: supabase_auth_admin
--



--
-- Data for Name: sso_domains; Type: TABLE DATA; Schema: auth; Owner: supabase_auth_admin
--



--
-- Data for Name: analysis_types; Type: TABLE DATA; Schema: public; Owner: postgres
--

INSERT INTO "public"."analysis_types" ("id", "code", "name", "description", "is_active", "created_at") VALUES
	('378c3fca-d674-469a-b8cd-45e818410a25', 'strength', 'Strength Analysis', 'Analysis of areas of competency strength', true, '2025-08-14 16:48:16.834521+00'),
	('b2f61b8d-66c9-4d79-8fcd-58fd3bb370e4', 'weakness', 'Weakness Analysis', 'Analysis of areas requiring development focus', true, '2025-08-14 16:48:16.834521+00'),
	('a287b894-c573-4b5e-978a-5ab17b4d290d', 'developing', 'Developing Analysis', 'Analysis for users showing progress but needing consistency development (50-69% performance)', true, '2025-08-23 23:07:42.690417+00');


--
-- Data for Name: answer_options; Type: TABLE DATA; Schema: public; Owner: postgres
--

INSERT INTO "public"."answer_options" ("id", "letter", "display_order", "created_at") VALUES
	(1, 'A', 1, '2025-08-16 13:13:55.360428+00'),
	(2, 'B', 2, '2025-08-16 13:13:55.360428+00'),
	(3, 'C', 3, '2025-08-16 13:13:55.360428+00'),
	(4, 'D', 4, '2025-08-16 13:13:55.360428+00');


--
-- Data for Name: frameworks; Type: TABLE DATA; Schema: public; Owner: postgres
--

INSERT INTO "public"."frameworks" ("id", "code", "name", "description", "is_active", "priority_order", "created_at") VALUES
	('f83064ee-237c-45b1-9db6-e6212c195cdb', 'core', 'Core Coaching Fundamentals', 'Essential coaching competencies for all practitioners', true, 1, '2025-08-14 16:48:16.834521+00'),
	('2fc5803d-6938-4ea8-9559-8f2b48e6badf', 'icf', 'ICF Core Competencies', 'International Coaching Federation competency framework', true, 2, '2025-08-14 16:48:16.834521+00'),
	('28b91c63-b5fa-4b18-bf02-5a1996dbac6c', 'ac', 'Association for Coaching', 'AC competency framework for professional coaching', true, 3, '2025-08-14 16:48:16.834521+00');


--
-- Data for Name: assessment_levels; Type: TABLE DATA; Schema: public; Owner: postgres
--

INSERT INTO "public"."assessment_levels" ("id", "framework_id", "level_code", "level_name", "level_number", "short_code", "description", "is_active", "created_at") VALUES
	('9f6e38cc-8f1b-4ab9-b019-a5f5be0c3132', 'f83064ee-237c-45b1-9db6-e6212c195cdb', 'beginner', 'CORE - Beginner', 1, 'core_beginner', 'Foundation level coaching competencies for early practitioners', true, '2025-08-14 16:48:16.834521+00'),
	('a2021eb1-93fb-4f23-8d2b-5ee1da88dc8c', 'f83064ee-237c-45b1-9db6-e6212c195cdb', 'intermediate', 'CORE - Intermediate', 2, 'core_intermediate', 'Developing coaching competencies for growing practitioners', true, '2025-08-14 16:48:16.834521+00'),
	('55e58986-65bf-49df-ae9f-54b396f74d22', 'f83064ee-237c-45b1-9db6-e6212c195cdb', 'advanced', 'CORE - Advanced', 3, 'core_advanced', 'Mastery level coaching competencies for experienced practitioners', true, '2025-08-14 16:48:16.834521+00');


--
-- Data for Name: assessments; Type: TABLE DATA; Schema: public; Owner: postgres
--

INSERT INTO "public"."assessments" ("id", "slug", "title", "description", "estimated_duration", "icon", "is_active", "sort_order", "created_at", "updated_at", "framework_id", "assessment_level_id") VALUES
	('00000000-0000-0000-0000-000000000001', 'core-fundamentals-i', 'CORE I - Fundamentals', 'Essential coaching fundamentals: Active Listening, Powerful Questions, and Present Moment Awareness', 20, '', true, 1, '2025-08-07 10:42:51.0867+00', '2025-08-15 10:18:36.507464+00', 'f83064ee-237c-45b1-9db6-e6212c195cdb', '9f6e38cc-8f1b-4ab9-b019-a5f5be0c3132'),
	('00000000-0000-0000-0000-000000000003', 'core-fundamentals-iii', 'CORE III - Mastery', 'Demonstrate mastery of sophisticated coaching interventions, complex client dynamics, and advanced NLP techniques.', 45, '', false, 3, '2025-08-07 10:42:51.0867+00', '2025-08-15 10:18:36.507464+00', 'f83064ee-237c-45b1-9db6-e6212c195cdb', '55e58986-65bf-49df-ae9f-54b396f74d22'),
	('00000000-0000-0000-0000-000000000006', 'icf-core-iii', 'ICF III - Mastery', 'ICF mastery level: facilitates client growth through complex scenarios, advanced coaching presence, and sophisticated awareness creation.', 60, '', false, 3, '2025-08-07 10:42:51.0867+00', '2025-08-15 10:18:36.507464+00', '2fc5803d-6938-4ea8-9559-8f2b48e6badf', '55e58986-65bf-49df-ae9f-54b396f74d22'),
	('00000000-0000-0000-0000-000000000008', 'ac-practice-ii', 'AC II - Applied Practice', 'Advanced AC competencies: working with goals, understanding clients, outcome orientation, and systematic model application.', 35, '', false, 2, '2025-08-07 10:42:51.0867+00', '2025-08-15 10:18:36.507464+00', '28b91c63-b5fa-4b18-bf02-5a1996dbac6c', 'a2021eb1-93fb-4f23-8d2b-5ee1da88dc8c'),
	('00000000-0000-0000-0000-000000000009', 'ac-mastery-iii', 'AC III - Professional Mastery', 'AC mastery level: sophisticated client understanding, complex goal architecture, and advanced coaching model integration.', 50, '', false, 3, '2025-08-07 10:42:51.0867+00', '2025-08-15 10:18:36.507464+00', '28b91c63-b5fa-4b18-bf02-5a1996dbac6c', '55e58986-65bf-49df-ae9f-54b396f74d22'),
	('00000000-0000-0000-0000-000000000002', 'core-fundamentals-ii', 'CORE II - Intermediate Skills', 'Develop advanced coaching techniques: creating awareness, designing actions, managing progress, and exploring deeper client meanings.', 30, '', false, 2, '2025-08-07 10:42:51.0867+00', '2025-08-15 11:12:28.131256+00', 'f83064ee-237c-45b1-9db6-e6212c195cdb', 'a2021eb1-93fb-4f23-8d2b-5ee1da88dc8c'),
	('00000000-0000-0000-0000-000000000004', 'icf-core-i', 'ICF I - Foundation', 'ICF core competencies foundation: demonstrates ethical practice, embodies coaching mindset, establishes agreements, and cultivates trust.', 25, '', false, 1, '2025-08-07 10:42:51.0867+00', '2025-08-15 11:12:45.478502+00', '2fc5803d-6938-4ea8-9559-8f2b48e6badf', '9f6e38cc-8f1b-4ab9-b019-a5f5be0c3132'),
	('00000000-0000-0000-0000-000000000007', 'ac-foundation-i', 'AC I - Foundation', 'Association for Coaching foundation: self-management, coaching understanding, building relationships, and effective communication.', 25, '', false, 1, '2025-08-07 10:42:51.0867+00', '2025-08-15 11:12:03.080139+00', '28b91c63-b5fa-4b18-bf02-5a1996dbac6c', '9f6e38cc-8f1b-4ab9-b019-a5f5be0c3132'),
	('00000000-0000-0000-0000-000000000005', 'icf-core-ii', 'ICF II - Core Practice', 'Advanced ICF competencies: maintains presence, listens actively, evokes awareness with sophisticated coaching interventions.', 40, '', false, 2, '2025-08-07 10:42:51.0867+00', '2025-08-15 11:12:58.839363+00', '2fc5803d-6938-4ea8-9559-8f2b48e6badf', 'a2021eb1-93fb-4f23-8d2b-5ee1da88dc8c');


--
-- Data for Name: competency_display_names; Type: TABLE DATA; Schema: public; Owner: postgres
--

INSERT INTO "public"."competency_display_names" ("id", "competency_key", "display_name", "is_active", "created_at", "description", "framework_id") VALUES
	('8ff9f6ae-42e9-43af-a8a3-39f8066a2df0', 'active_listening', 'Active Listening', true, '2025-08-12 00:46:58.936963+00', 'Listening fully to understand client meaning, emotions, and unspoken concerns beyond just words.', 'f83064ee-237c-45b1-9db6-e6212c195cdb'),
	('d4477ae7-e3ce-428c-bb1d-235c89e7f05c', 'powerful_questions', 'Powerful Questions', true, '2025-08-12 00:46:58.936963+00', 'Asking open-ended questions that provoke insight, challenge assumptions, and help clients discover new perspectives.', 'f83064ee-237c-45b1-9db6-e6212c195cdb'),
	('f1c88df8-cfec-4e1c-85d0-327fdb23af61', 'present_moment_awareness', 'Present Moment Awareness', true, '2025-08-12 00:46:58.936963+00', 'Staying fully present to notice energy shifts, body language, tone changes, and subtle client cues in real-time.', 'f83064ee-237c-45b1-9db6-e6212c195cdb'),
	('64888b9f-5c07-4bd1-affa-cc99a3bba77f', 'advanced_active_listening', 'Advanced Active Listening', true, '2025-08-21 21:13:24.665321+00', 'Advanced listening skills including emotional layer recognition, pattern awareness, and somatic integration.', 'f83064ee-237c-45b1-9db6-e6212c195cdb'),
	('2640accd-a78a-4ddc-9916-b756e07d2b1c', 'strategic_powerful_questions', 'Strategic Powerful Questions', true, '2025-08-21 21:13:24.665321+00', 'Strategic questioning techniques that challenge beliefs, explore core drives, and reframe perspectives.', 'f83064ee-237c-45b1-9db6-e6212c195cdb'),
	('6dddbf00-a782-4327-b751-71e18282b16c', 'creating_awareness', 'Creating Awareness', true, '2025-08-21 21:13:35.914082+00', 'Advanced awareness creation including strength-shadow recognition, internal process awareness, and self-role recognition.', 'f83064ee-237c-45b1-9db6-e6212c195cdb'),
	('86552202-948a-458e-81ac-4d15b7b82daf', 'trust_psychological_safety', 'Trust & Psychological Safety', true, '2025-08-21 21:13:35.914082+00', 'Creating safe spaces through vulnerability honoring, empathetic boundary-keeping, and emotional expression normalization.', 'f83064ee-237c-45b1-9db6-e6212c195cdb'),
	('f77a29c6-ccff-4dd7-b964-57f809a113b0', 'direct_communication', 'Direct Communication', true, '2025-08-21 21:13:45.417779+00', 'Advanced direct communication including impact-based communication, relationship-preserving directness, and pattern confrontation.', 'f83064ee-237c-45b1-9db6-e6212c195cdb');


--
-- Data for Name: assessment_questions; Type: TABLE DATA; Schema: public; Owner: postgres
--

INSERT INTO "public"."assessment_questions" ("id", "assessment_id", "question_order", "scenario", "question", "option_a", "option_b", "option_c", "option_d", "correct_answer", "explanation", "difficulty_weight", "created_at", "updated_at", "competency_id", "assessment_level_id", "correct_answer_option_id", "is_active") VALUES
	('7acf6831-986a-4471-aa54-fa83c06b5d59', '00000000-0000-0000-0000-000000000001', 1, 'Sarah, a 38-year-old marketing director, is tearfully sharing how she feels lost after being passed over for a promotion she expected. She''s questioning whether to stay in her company of 10 years or risk starting over elsewhere.', 'How should you listen as Sarah shares this emotional career setback?', 'Focus on how her story relates to your own career disappointments', 'Listen deeply to both her words and the emotions behind them', 'Consider what her colleagues might think about her situation', 'Think about advice you could give her about job searching', 2, 'When someone is emotional, they need to feel truly heard. Listening to both their words and feelings shows you''re really there with them, not just waiting for your turn to talk.', 1, '2025-08-16 20:07:22.214705+00', '2025-08-16 20:07:22.214705+00', '8ff9f6ae-42e9-43af-a8a3-39f8066a2df0', '9f6e38cc-8f1b-4ab9-b019-a5f5be0c3132', 2, true),
	('6d14f5d4-ec22-41ca-9aee-6c8e40e67f96', '00000000-0000-0000-0000-000000000001', 2, 'Marcus, an entrepreneur, is rapidly listing multiple business decisions he needs to make: whether to hire his first employee, move to a larger office space, and take on a major client project - all while his personal savings are running low.', 'How do you best reflect back what you''re hearing from Marcus?', 'I went through something similar when I started my business - it''s really tough.', 'What I''m hearing is that you''re juggling multiple major decisions while feeling financial pressure.', 'Don''t stress about it - most entrepreneurs face these challenges.', 'Have you considered prioritizing just one decision at a time?', 2, 'Great reflection is like being a clear mirror - you show Marcus exactly what he shared so he knows you really got it. No advice needed, just genuine understanding.', 1, '2025-08-16 20:07:22.284576+00', '2025-08-16 20:07:22.284576+00', '8ff9f6ae-42e9-43af-a8a3-39f8066a2df0', '9f6e38cc-8f1b-4ab9-b019-a5f5be0c3132', 2, true),
	('ad779202-a389-45f4-842b-fa2dc0ada0fb', '00000000-0000-0000-0000-000000000001', 3, 'Kevin, a usually reserved accountant, takes a deep breath and quietly shares: ''I''ve never told anyone this, but I''ve been struggling with anxiety attacks before important presentations. It''s affecting my career prospects.''', 'How do you best respond to Kevin''s vulnerable disclosure to build trust and safety?', 'Kevin, that''s interesting - can you tell me more about when these anxiety attacks typically happen?', 'I can see why that would be really difficult to deal with, especially in your profession.', 'Thank you for trusting me with something so personal, Kevin. What feels most important about this for you right now?', 'You should be proud of yourself for having the courage to share that with me.', 3, 'When someone shares something deeply personal, thanking them for their trust creates a safe space. It shows you honor their vulnerability instead of rushing to fix or judge.', 1, '2025-08-16 20:07:22.340475+00', '2025-08-16 20:07:22.340475+00', '8ff9f6ae-42e9-43af-a8a3-39f8066a2df0', '9f6e38cc-8f1b-4ab9-b019-a5f5be0c3132', 3, true),
	('688a9956-fc27-4ccc-9d54-e248980fbd86', '00000000-0000-0000-0000-000000000001', 4, 'Patricia, a department head, is second-guessing her decision to restructure her team after two employees expressed concerns. She''s worried she may have acted too hastily and damaged team morale.', 'How do you best support Patricia while maintaining psychological safety in the coaching space?', 'Patricia, I hear you questioning your restructuring decision, and I''m curious what feels most important to explore about that.', 'Based on what you''ve shared about the employee concerns, here''s what I think you should do next...', 'That sounds like a really challenging leadership situation that many department heads face.', 'Let''s focus on finding solutions for the team morale issue rather than dwelling on what''s already happened.', 1, 'Stay curious instead of jumping into advice mode. This response keeps Patricia feeling safe to explore her thoughts without pressure to defend her decisions.', 1, '2025-08-16 20:07:22.407198+00', '2025-08-16 20:07:22.407198+00', '8ff9f6ae-42e9-43af-a8a3-39f8066a2df0', '9f6e38cc-8f1b-4ab9-b019-a5f5be0c3132', 1, true),
	('1d3b1444-0fc6-4c3a-9b19-39d2fd7ae9b6', '00000000-0000-0000-0000-000000000001', 5, 'Nicole, a real estate agent, mentions having a ''situation with a client'' but then becomes vague, avoiding eye contact and changing the subject when you ask for more details about what happened.', 'How do you best navigate Nicole''s reluctance to share while practicing active listening?', 'Let''s move on to something else that might be easier for you to discuss right now.', 'Nicole, I can sense there might be more to this client situation. What feels safe to share right now?', 'It''s completely okay if you don''t want to talk about this - we all have things we prefer to keep private.', 'Sometimes it really helps to talk through these difficult client situations, even when it feels uncomfortable.', 2, 'When someone seems hesitant to share, gently acknowledging what you sense while respecting their boundaries often helps them feel safer to open up.', 1, '2025-08-16 20:07:22.476206+00', '2025-08-16 20:07:22.476206+00', '8ff9f6ae-42e9-43af-a8a3-39f8066a2df0', '9f6e38cc-8f1b-4ab9-b019-a5f5be0c3132', 2, true),
	('176d3db6-3346-4231-b6bb-7b1e380af427', '00000000-0000-0000-0000-000000000001', 6, 'David, a software engineer who was recently laid off, slumps in his chair and says: ''I always mess things up. I probably said something wrong in my last performance review that led to this.''', 'Which question would most powerfully challenge David''s limiting belief?', 'What specifically happened in that performance review that concerns you?', 'Why do you think you have this pattern of self-sabotage?', 'How long have you been carrying this story about yourself?', 'What would someone who truly knows your capabilities say about this situation?', 4, 'Sometimes we''re our own worst critic. This question helps David step outside his harsh self-talk by imagining what someone who truly knows his strengths would say.', 1, '2025-08-16 20:07:22.539891+00', '2025-08-16 20:07:22.539891+00', 'd4477ae7-e3ce-428c-bb1d-235c89e7f05c', '9f6e38cc-8f1b-4ab9-b019-a5f5be0c3132', 4, true),
	('39e6dbed-3b62-4412-98aa-d083c48e4bc1', '00000000-0000-0000-0000-000000000001', 7, 'Jennifer, a nurse practitioner, is considering leaving her stable hospital job to open her own wellness practice. She''s torn between financial security and pursuing her passion for holistic medicine.', 'Which question would best help Jennifer connect with what truly matters to her?', 'What do you think would be the financially smarter decision?', 'What matters most to you about how you want to spend your professional life?', 'What would your family and colleagues advise you to do?', 'What are the financial risks versus benefits of each option?', 2, 'This cuts through all the external noise and gets to the heart of what really matters to Jennifer. It''s about her authentic desires, not everyone else''s expectations.', 1, '2025-08-16 20:07:22.592563+00', '2025-08-16 20:07:22.592563+00', 'd4477ae7-e3ce-428c-bb1d-235c89e7f05c', '9f6e38cc-8f1b-4ab9-b019-a5f5be0c3132', 2, true),
	('dfd4cd06-0196-4849-9591-46f9ad3b3496', '00000000-0000-0000-0000-000000000001', 8, 'Michael, a recent college graduate, is paralyzed between accepting a well-paying consulting job his parents approve of or pursuing his dream of teaching abroad with the Peace Corps for much less money.', 'Which question would best help Michael access his authentic desires beyond external expectations?', 'Which option do you think would make your parents prouder?', 'What does your gut instinct tell you about each path?', 'If you close your eyes and imagine yourself in each role, which one feels more aligned with who you''re becoming?', 'Which choice would be easier to defend to your family?', 3, 'This question invites Michael to feel into his future, not just think about it. Our bodies often know the right answer before our minds catch up.', 1, '2025-08-16 20:07:22.661518+00', '2025-08-16 20:07:22.661518+00', 'd4477ae7-e3ce-428c-bb1d-235c89e7f05c', '9f6e38cc-8f1b-4ab9-b019-a5f5be0c3132', 3, true),
	('83b04379-224e-495e-a844-3ef7332da303', '00000000-0000-0000-0000-000000000001', 9, 'Carlos, a middle manager, keeps asking what you think he should do about his underperforming team member. He''s looking for direct advice and seems frustrated when you redirect back to him, saying ''I just need someone to tell me the right answer.''', 'How do you respond to Carlos''s request for advice while empowering him to find his own solution?', 'Carlos, what would need to be true for you to feel completely confident in your approach with this team member?', 'Based on what you''ve shared, here''s exactly what I think you should do with this employee...', 'Most managers in your situation would probably start with a formal performance improvement plan.', 'You seem to already know what needs to happen - what''s holding you back from taking action?', 1, 'Instead of giving Carlos the fish, this question helps him learn to fish. It focuses on building his confidence rather than creating dependence on your advice.', 1, '2025-08-16 20:07:22.717826+00', '2025-08-16 20:07:22.717826+00', 'd4477ae7-e3ce-428c-bb1d-235c89e7f05c', '9f6e38cc-8f1b-4ab9-b019-a5f5be0c3132', 1, true),
	('95510e8f-abcf-43a9-9872-6bbb93ea58b1', '00000000-0000-0000-0000-000000000001', 11, 'During a session with Elena, a busy executive, you catch your mind drifting to your own challenges with work-life balance as she describes her 60-hour work weeks and missing her daughter''s soccer games.', 'What''s your best response when you notice your attention has wandered in this present moment?', 'Continue listening and hope Elena doesn''t notice your distraction.', 'Gently redirect your full attention back to Elena without judgment.', 'Ask Elena to pause and repeat what she just shared with you.', 'Start taking detailed notes to help you stay more focused.', 2, 'Mind wandering happens to everyone! The key is catching it quickly and coming back without beating yourself up. Self-compassion keeps you present for your client.', 1, '2025-08-16 20:07:22.841015+00', '2025-08-16 20:07:22.841015+00', 'f1c88df8-cfec-4e1c-85d0-327fdb23af61', '9f6e38cc-8f1b-4ab9-b019-a5f5be0c3132', 2, true),
	('9daed53c-4f88-45ff-9730-41d0bbfb6eca', '00000000-0000-0000-0000-000000000001', 13, 'Robert, a financial advisor, is mid-sentence explaining his frustration with a difficult client when he suddenly stops talking, stares out the window, and appears to be thinking deeply about something.', 'How do you best support Robert in this moment of internal processing?', 'Ask him what''s going through his mind to keep the conversation moving forward.', 'Hold the silence and create space for whatever insight might be emerging.', 'Offer your perspective on what he might be realizing about the situation.', 'Summarize what he''s shared about the difficult client to refocus the conversation.', 2, 'Sometimes the most powerful thing you can do is absolutely nothing. Silence gives Robert space for his own insights to emerge naturally.', 1, '2025-08-16 20:07:22.969279+00', '2025-08-16 20:07:22.969279+00', 'f1c88df8-cfec-4e1c-85d0-327fdb23af61', '9f6e38cc-8f1b-4ab9-b019-a5f5be0c3132', 2, true),
	('9b81e22a-49f4-4390-b978-11efaaa50751', '00000000-0000-0000-0000-000000000001', 15, 'Tom, a sales manager, has mentioned in three separate sessions that when faced with conflict, he either completely avoids the conversation or immediately becomes defensive. He doesn''t seem to recognize this pattern himself.', 'How do you best help Tom become aware of his unconscious conflict pattern?', 'Tell him directly: Tom, you keep avoiding conflict or getting defensive - you need to see this pattern.', 'Ask: Tom, what do you notice about how you typically respond when conflict arises?', 'Wait for him to figure out the pattern on his own without your intervention.', 'Ask: What patterns are you noticing in how you handle challenging conversations?', 4, 'Help Tom become the observer of his own patterns. When people discover their habits themselves, they''re more likely to actually change them.', 1, '2025-08-16 20:07:23.068951+00', '2025-08-16 20:07:23.068951+00', 'f1c88df8-cfec-4e1c-85d0-327fdb23af61', '9f6e38cc-8f1b-4ab9-b019-a5f5be0c3132', 4, true),
	('602b66c5-7d56-457e-809e-f32532f214ba', '00000000-0000-0000-0000-000000000001', 10, 'Rachel, a talented graphic designer, sighs and says: ''I''m just not leadership material. I''ve never been good at managing people or making big decisions. Maybe I should just stay in my current role forever.''', 'How do you challenge Rachel''s limiting belief while maintaining a supportive coaching relationship?', 'Rachel, what would you tell a dear friend who shared these exact same doubts about their capabilities?', 'You''re being too hard on yourself - you need to stop thinking so negatively about your potential.', 'Why do you always jump to worst-case scenarios about your leadership abilities?', 'Rachel, what might become possible if this belief about not being leadership material wasn''t actually true?', 4, 'This gently challenges Rachel''s limiting story without making her feel wrong. It opens up new possibilities by questioning the belief itself, not attacking it.', 1, '2025-08-16 20:07:22.789283+00', '2025-08-16 20:07:22.789283+00', 'd4477ae7-e3ce-428c-bb1d-235c89e7f05c', '9f6e38cc-8f1b-4ab9-b019-a5f5be0c3132', 4, true),
	('f7f6958c-68db-4bdd-95cf-53a42edf3884', '00000000-0000-0000-0000-000000000001', 12, 'Lisa, a project manager, started the session enthusiastically discussing her new role. Halfway through, when you ask about her team dynamics, her posture changes, she looks down, and her voice becomes quieter and more hesitant.', 'How should you address Lisa''s visible shift in energy and body language?', 'Continue discussing her new role without mentioning the change you observed.', 'Ask directly: Why did your energy just change when I asked about your team?', 'Share your observation: Lisa, I noticed your energy shifted when we moved to team dynamics. What''s happening for you?', 'Save your observation for the end of the session to avoid interrupting her flow.', 3, 'Bodies often tell the truth before words do. Gently sharing what you notice helps Lisa become aware of her own signals and what they might mean.', 1, '2025-08-16 20:07:22.910395+00', '2025-08-16 20:07:22.910395+00', 'f1c88df8-cfec-4e1c-85d0-327fdb23af61', '9f6e38cc-8f1b-4ab9-b019-a5f5be0c3132', 3, true),
	('3efc7912-9972-47cc-9c3f-97e6c7a77102', '00000000-0000-0000-0000-000000000001', 14, 'Amanda, a high school teacher, is describing a conflict with her principal. While her words are factual and measured, you notice her jaw is clenched, her hands are fidgeting, and there''s tension in her shoulders.', 'How do you best help Amanda become aware of what her body is communicating?', 'Tell her directly that she seems angry or frustrated about the situation.', 'Ask Amanda: How are you feeling right now as you talk about this?', 'Share your observation: Amanda, I''m noticing tension in your body as you describe this conflict. What are you aware of?', 'Focus only on the factual content she''s sharing rather than her physical responses.', 3, 'Our bodies hold so much wisdom! Pointing out Amanda''s physical tension helps her tune into messages she might be missing from her own nervous system.', 1, '2025-08-16 20:07:23.022649+00', '2025-08-16 20:07:23.022649+00', 'f1c88df8-cfec-4e1c-85d0-327fdb23af61', '9f6e38cc-8f1b-4ab9-b019-a5f5be0c3132', 3, true);


--
-- Data for Name: competency_consolidated_insights; Type: TABLE DATA; Schema: public; Owner: postgres
--

INSERT INTO "public"."competency_consolidated_insights" ("id", "competency_id", "framework_id", "assessment_level_id", "analysis_type_id", "performance_insight", "development_focus", "practical_application", "is_active", "created_at", "updated_at") VALUES
	('c65efb21-1382-4a88-b6fa-c0fa247b08ca', '8ff9f6ae-42e9-43af-a8a3-39f8066a2df0', 'f83064ee-237c-45b1-9db6-e6212c195cdb', '9f6e38cc-8f1b-4ab9-b019-a5f5be0c3132', 'b2f61b8d-66c9-4d79-8fcd-58fd3bb370e4', 'Based on your Active Listening assessment results, you''re experiencing what most developing coaches encounter: the challenge of staying fully present while simultaneously thinking about how to help. This creates a dual attention problem that reduces your ability to truly hear what clients are sharing. Your results indicate this competency requires foundational development, which is completely normal at this stage of your coaching journey. Strengthening this skill will transform not just your coaching effectiveness, but your ability to create the psychological safety that enables breakthrough conversations.', 'Your development path involves building what we call "coaching presence" - the ability to be fully available to another person without agenda. While your assessment provides specific techniques to practice, the deeper work involves rewiring your nervous system to stay calm and present under the pressure of "needing to help." This is foundational work that supports everything else you''ll develop as a coach. Consider this an investment in your professional capability that will serve you throughout your entire coaching career.', 'As you implement the specific practices from your assessment results, recognize that you''re building what clients will eventually describe as your "coaching presence." This competency directly impacts client retention, referrals, and your reputation as a coach. Clients can sense when a coach is truly listening versus waiting for their turn to talk. Mastering this early in your development creates a foundation for advanced skills like systemic coaching and organizational work. Document your progress as this becomes part of your professional development portfolio.', true, '2025-08-17 11:44:56.186139+00', '2025-08-17 11:44:56.186139+00'),
	('554bbf7d-e0c5-4980-a54d-36e53e80dff9', '8ff9f6ae-42e9-43af-a8a3-39f8066a2df0', 'f83064ee-237c-45b1-9db6-e6212c195cdb', '9f6e38cc-8f1b-4ab9-b019-a5f5be0c3132', '378c3fca-d674-469a-b8cd-45e818410a25', 'Your Active Listening assessment results place you in the strong competency range, indicating you''ve developed what many coaches struggle with for years: genuine presence and emotional attunement. This isn''t just a skill - it''s your emerging coaching identity. Clients likely comment on feeling "truly heard" with you, which is the foundation of transformational coaching relationships. Your results suggest you naturally create the psychological safety that enables clients to access their resourceful state and share vulnerable truths.', 'While your assessment shows specific ways to leverage this strength, your broader development opportunity involves becoming what we call a "master practitioner" of coaching presence. This means using your listening gift to identify systemic patterns, family-of-origin dynamics, and unconscious limiting beliefs. Your natural ability positions you for advanced coaching specializations like executive coaching, couples work, or organizational consulting where deep listening is essential.', 'Your listening strength is a significant professional asset that will drive client referrals and coaching success. As you apply the specific techniques from your assessment results, recognize that you''re developing what will become your signature coaching approach. Document client feedback about feeling "heard and understood" - this becomes part of your professional story and marketing. Consider pursuing advanced certifications that leverage this strength, such as trauma-informed coaching or organizational psychology applications.', true, '2025-08-17 11:44:56.186139+00', '2025-08-17 11:44:56.186139+00'),
	('3e61578b-825a-438a-84b5-a9efeb392db0', 'd4477ae7-e3ce-428c-bb1d-235c89e7f05c', 'f83064ee-237c-45b1-9db6-e6212c195cdb', '9f6e38cc-8f1b-4ab9-b019-a5f5be0c3132', 'b2f61b8d-66c9-4d79-8fcd-58fd3bb370e4', 'Your Powerful Questions assessment results reveal a common challenge for coaches transitioning from helping professions: the impulse to provide solutions rather than facilitate discovery. This isn''t a deficiency - it''s evidence of your desire to help. However, your results indicate this competency requires development to unlock what makes coaching distinct from consulting or mentoring. The clients who benefit most from coaching are those who need to access their own wisdom, not receive someone else''s answers.', 'While your assessment provides specific questioning techniques to practice, your deeper development involves shifting your coaching identity from "expert advisor" to "facilitative partner." This represents a fundamental mindset change that supports client autonomy and sustainable change. This competency development will expand your client base to include those seeking empowerment rather than direction, which typically commands higher coaching fees and longer-term engagements.', 'As you implement the specific techniques from your assessment results, recognize that you''re developing one of the most commercially valuable coaching skills. Powerful questions separate professional coaches from life advisors and create the "aha moments" that clients remember and refer others for. Track which questions generate the strongest client responses - this becomes part of your coaching methodology and professional differentiator. This skill directly impacts your ability to work with executive and leadership clients.', true, '2025-08-17 11:44:56.186139+00', '2025-08-17 11:44:56.186139+00'),
	('60b2a072-6340-4a0c-8a11-1b206081ff32', 'd4477ae7-e3ce-428c-bb1d-235c89e7f05c', 'f83064ee-237c-45b1-9db6-e6212c195cdb', '9f6e38cc-8f1b-4ab9-b019-a5f5be0c3132', '378c3fca-d674-469a-b8cd-45e818410a25', 'Your Powerful Questions assessment results indicate you''ve developed what many consider the signature skill of masterful coaches: the ability to craft questions that unlock client insight and wisdom. This competency strength suggests you naturally understand that clients have their own answers and need skilled facilitation rather than expert advice. Your results place you among coaches who create those memorable "breakthrough moments" that clients talk about for years.', 'While your assessment shows specific ways to leverage this strength, your broader opportunity involves developing what we call "questioning artistry" - the ability to read client energy and craft questions that meet them exactly where they are. This strength positions you for high-level coaching work with executives, entrepreneurs, and organizational leaders who specifically seek thought partners rather than advisors. Consider developing specialized question methodologies that become part of your professional coaching brand.', 'Your questioning strength is a significant competitive advantage in the coaching marketplace. As you apply the specific techniques from your assessment results, recognize that clients will often attribute their breakthrough insights to your skilled questioning. Document the types of questions that generate the strongest client transformations - this becomes intellectual property and part of your coaching methodology. This competency directly supports premium positioning and can justify higher coaching fees, especially in executive and leadership coaching markets.', true, '2025-08-17 11:44:56.186139+00', '2025-08-17 11:44:56.186139+00'),
	('c5e92711-1ca9-4f00-a9d5-a475053959cd', 'f1c88df8-cfec-4e1c-85d0-327fdb23af61', 'f83064ee-237c-45b1-9db6-e6212c195cdb', '9f6e38cc-8f1b-4ab9-b019-a5f5be0c3132', 'b2f61b8d-66c9-4d79-8fcd-58fd3bb370e4', 'Your Present Moment Awareness assessment results highlight what many coaches experience: the challenge of staying present while managing the complexity of facilitating another person''s growth. This isn''t a personal failing - it''s evidence that you''re taking coaching seriously and want to do it well. However, your results indicate this foundational competency needs development to create the depth of connection that enables transformational coaching relationships. Clients can sense when coaches are truly present versus mentally preparing their next intervention.', 'While your assessment provides specific presence-building practices, your deeper development involves cultivating what we call "coaching consciousness" - the ability to hold space for another person''s unfolding without needing to control or direct it. This represents advanced emotional and psychological capacity that supports everything else you''ll develop as a coach. Consider this foundational nervous system training that will serve you throughout your coaching career and enable you to work with increasingly complex client dynamics.', 'As you implement the specific practices from your assessment results, recognize that you''re developing what will become your most valuable professional asset: the ability to create presence-based coaching relationships. This competency directly impacts client results, session quality, and your own sustainability as a coach. Coaches with strong presence report less coaching fatigue and more energizing client sessions. Document your progress with presence practices - this becomes part of your professional development and can support advanced certification applications.', true, '2025-08-17 11:44:56.186139+00', '2025-08-17 11:44:56.186139+00'),
	('c57e0c82-f760-4e92-8398-aaa7548ad7b4', 'f1c88df8-cfec-4e1c-85d0-327fdb23af61', 'f83064ee-237c-45b1-9db6-e6212c195cdb', '9f6e38cc-8f1b-4ab9-b019-a5f5be0c3132', '378c3fca-d674-469a-b8cd-45e818410a25', 'Your Present Moment Awareness assessment results indicate you''ve developed what many consider the most sophisticated coaching competency: the ability to be fully present with another person while tracking multiple layers of information simultaneously. This isn''t just a skill - it''s a way of being that clients find both calming and activating. Your results suggest you naturally create what we call "generative presence" where clients access resourceful states simply by being in your company. This represents years of personal and professional development work.', 'While your assessment shows specific ways to leverage this strength, your broader opportunity involves developing what we call "systemic presence" - the ability to hold space for complex family, team, and organizational dynamics. Your natural presence gift positions you for the most sophisticated coaching applications: executive coaching, organizational consulting, and team development work. Consider pursuing advanced certifications in somatic coaching, systemic coaching, or organizational psychology that build on this foundation.', 'Your presence strength represents your most valuable professional differentiator and competitive advantage. As you apply the specific techniques from your assessment results, recognize that clients will often say sessions with you feel "different" or "profound" compared to other coaches. This presence-based coaching commands premium fees and creates strong client loyalty. Document client testimonials about the quality of presence you bring - this becomes central to your professional marketing and supports premium positioning in executive, leadership, and organizational coaching markets.', true, '2025-08-17 11:44:56.186139+00', '2025-08-17 11:44:56.186139+00');


--
-- Data for Name: scoring_tiers; Type: TABLE DATA; Schema: public; Owner: postgres
--

INSERT INTO "public"."scoring_tiers" ("id", "tier_code", "tier_name", "score_min", "score_max", "display_order", "analysis_type_id", "description", "is_active", "created_at", "updated_at") VALUES
	('53f95a86-8ebb-4601-913f-8bc28ff2ad7d', 'weakness', 'Needs Development', 0, 49, 1, 'b2f61b8d-66c9-4d79-8fcd-58fd3bb370e4', 'Focus on fundamental skill building', true, '2025-08-23 23:07:42.690417+00', '2025-08-23 23:07:42.690417+00'),
	('c7f1cecf-d491-4fb9-af2e-324154ed1c8f', 'developing', 'Developing', 50, 69, 2, 'a287b894-c573-4b5e-978a-5ab17b4d290d', 'Build consistency - you are on track', true, '2025-08-23 23:07:42.690417+00', '2025-08-23 23:07:42.690417+00'),
	('60f1a478-70ae-44a8-8bda-afc728d37846', 'strength', 'Strength', 70, 100, 3, '378c3fca-d674-469a-b8cd-45e818410a25', 'Leverage your strong foundation', true, '2025-08-23 23:07:42.690417+00', '2025-08-23 23:07:42.690417+00');


--
-- Data for Name: competency_leverage_strengths; Type: TABLE DATA; Schema: public; Owner: postgres
--

INSERT INTO "public"."competency_leverage_strengths" ("id", "leverage_text", "priority_order", "is_active", "created_at", "framework_id", "assessment_level_id", "competency_id", "scoring_tier_id") VALUES
	('39d43972-57ba-41f7-a917-dee28998d9fe', 'Use your strong listening skills to help clients feel deeply heard and understood. Your ability to reflect back what clients share creates safety for them to explore deeper truths about their situation.', 1, true, '2025-08-12 00:52:37.18462+00', 'f83064ee-237c-45b1-9db6-e6212c195cdb', '9f6e38cc-8f1b-4ab9-b019-a5f5be0c3132', '8ff9f6ae-42e9-43af-a8a3-39f8066a2df0', '60f1a478-70ae-44a8-8bda-afc728d37846'),
	('9dab45c6-6c9e-4996-b632-2d77fd82b95c', 'Leverage your questioning skills to help clients discover insights they already possess. Your questions create space for clients to connect with their own wisdom rather than seeking answers from others.', 1, true, '2025-08-12 00:52:37.18462+00', 'f83064ee-237c-45b1-9db6-e6212c195cdb', '9f6e38cc-8f1b-4ab9-b019-a5f5be0c3132', 'd4477ae7-e3ce-428c-bb1d-235c89e7f05c', '60f1a478-70ae-44a8-8bda-afc728d37846'),
	('28628dff-1010-49b3-ad47-c809a9897e0e', 'Use your awareness of present-moment dynamics to help clients notice what they might be missing about their situation. Your observations can illuminate blind spots and create breakthrough moments.', 1, true, '2025-08-12 00:52:37.18462+00', 'f83064ee-237c-45b1-9db6-e6212c195cdb', '9f6e38cc-8f1b-4ab9-b019-a5f5be0c3132', 'f1c88df8-cfec-4e1c-85d0-327fdb23af61', '60f1a478-70ae-44a8-8bda-afc728d37846');


--
-- Data for Name: competency_performance_analysis; Type: TABLE DATA; Schema: public; Owner: postgres
--

INSERT INTO "public"."competency_performance_analysis" ("id", "user_id", "performance_percentage", "strength_level", "analysis_data", "created_at", "updated_at", "analysis_text", "is_active", "sort_order", "framework_id", "assessment_level_id", "competency_id", "scoring_tier_id") VALUES
	('22f12fb6-dedf-4501-9b57-7f5eb9805ca7', NULL, NULL, NULL, NULL, '2025-08-17 09:34:12.866985+00', '2025-08-17 09:34:12.866985+00', 'In Active Listening scenarios, key elements were missed such as emotional undercurrents and creating psychological safety. You receive the words, but the underlying messages require greater attention.', true, 1, 'f83064ee-237c-45b1-9db6-e6212c195cdb', '9f6e38cc-8f1b-4ab9-b019-a5f5be0c3132', '8ff9f6ae-42e9-43af-a8a3-39f8066a2df0', '53f95a86-8ebb-4601-913f-8bc28ff2ad7d'),
	('4ba66d9c-b512-4df8-9bbd-16ca78a3b1e6', NULL, NULL, NULL, NULL, '2025-08-17 09:34:12.866985+00', '2025-08-17 09:34:12.866985+00', 'Your listening captures some content but emotional layers often go unnoticed. This is a key development area - expanding from listening for information to understanding the whole person.', true, 2, 'f83064ee-237c-45b1-9db6-e6212c195cdb', '9f6e38cc-8f1b-4ab9-b019-a5f5be0c3132', '8ff9f6ae-42e9-43af-a8a3-39f8066a2df0', '53f95a86-8ebb-4601-913f-8bc28ff2ad7d'),
	('0350054b-ed72-40d4-a299-9a006bee9080', NULL, NULL, NULL, NULL, '2025-08-17 09:34:12.866985+00', '2025-08-17 09:34:12.866985+00', 'Your listening skills show inconsistency - sometimes effective, other times missing crucial emotional undercurrents. Your listening succeeds with straightforward content but needs strengthening with complex emotions.', true, 3, 'f83064ee-237c-45b1-9db6-e6212c195cdb', '9f6e38cc-8f1b-4ab9-b019-a5f5be0c3132', '8ff9f6ae-42e9-43af-a8a3-39f8066a2df0', 'c7f1cecf-d491-4fb9-af2e-324154ed1c8f'),
	('097af2eb-71ff-4c6a-b6c5-cb350e1657b7', NULL, NULL, NULL, NULL, '2025-08-17 09:34:12.866985+00', '2025-08-17 09:34:12.866985+00', 'Your active listening demonstrates strong capability - you consistently catch both content and emotions. Your ability to reflect both facts and feelings helps clients feel deeply understood.', true, 4, 'f83064ee-237c-45b1-9db6-e6212c195cdb', '9f6e38cc-8f1b-4ab9-b019-a5f5be0c3132', '8ff9f6ae-42e9-43af-a8a3-39f8066a2df0', '60f1a478-70ae-44a8-8bda-afc728d37846'),
	('b301affb-c546-4b9d-95bf-3a9979362baf', NULL, NULL, NULL, NULL, '2025-08-17 09:34:12.866985+00', '2025-08-17 09:34:12.866985+00', 'Your listening skills are highly developed with exceptional awareness. Your ability to create safety while reflecting deep understanding enhances conversations significantly. Clients feel deeply heard and understood.', true, 5, 'f83064ee-237c-45b1-9db6-e6212c195cdb', '9f6e38cc-8f1b-4ab9-b019-a5f5be0c3132', '8ff9f6ae-42e9-43af-a8a3-39f8066a2df0', '60f1a478-70ae-44a8-8bda-afc728d37846'),
	('624db18e-7d08-4427-af87-87b28c59e9e2', NULL, NULL, NULL, NULL, '2025-08-17 09:34:12.866985+00', '2025-08-17 09:34:12.866985+00', 'The questioning scenarios revealed missed opportunities in connecting with core values, challenging perspectives, and empowering self-discovery. The focus has been on gathering information rather than facilitating breakthrough insights.', true, 1, 'f83064ee-237c-45b1-9db6-e6212c195cdb', '9f6e38cc-8f1b-4ab9-b019-a5f5be0c3132', 'd4477ae7-e3ce-428c-bb1d-235c89e7f05c', '53f95a86-8ebb-4601-913f-8bc28ff2ad7d'),
	('e154d264-cb39-4293-bcf0-63a4c969158d', NULL, NULL, NULL, NULL, '2025-08-17 09:34:12.866985+00', '2025-08-17 09:34:12.866985+00', 'Your questions often direct rather than explore, where guidance replaces discovery. This pattern limits the client ability to access their own insights and solutions.', true, 2, 'f83064ee-237c-45b1-9db6-e6212c195cdb', '9f6e38cc-8f1b-4ab9-b019-a5f5be0c3132', 'd4477ae7-e3ce-428c-bb1d-235c89e7f05c', '53f95a86-8ebb-4601-913f-8bc28ff2ad7d'),
	('c5b9b138-8715-4902-a867-31a24454692a', NULL, NULL, NULL, NULL, '2025-08-17 09:34:12.866985+00', '2025-08-17 09:34:12.866985+00', 'Your questioning ability shows promise - effective questions in some scenarios while reverting to advice-giving in others. Developing consistency will enhance client self-discovery.', true, 3, 'f83064ee-237c-45b1-9db6-e6212c195cdb', '9f6e38cc-8f1b-4ab9-b019-a5f5be0c3132', 'd4477ae7-e3ce-428c-bb1d-235c89e7f05c', 'c7f1cecf-d491-4fb9-af2e-324154ed1c8f'),
	('dec4242d-8298-4ffd-8d4a-55d5bd28ec5c', NULL, NULL, NULL, NULL, '2025-08-17 09:34:12.866985+00', '2025-08-17 09:34:12.866985+00', 'Your questioning skills demonstrate strong capability - you effectively explore values and challenge perspectives. Your questions consistently open new thinking pathways for clients.', true, 4, 'f83064ee-237c-45b1-9db6-e6212c195cdb', '9f6e38cc-8f1b-4ab9-b019-a5f5be0c3132', 'd4477ae7-e3ce-428c-bb1d-235c89e7f05c', '60f1a478-70ae-44a8-8bda-afc728d37846'),
	('7326e7f9-bcf1-471a-930f-390de411fa4a', NULL, NULL, NULL, NULL, '2025-08-17 09:34:12.866985+00', '2025-08-17 09:34:12.866985+00', 'Your questioning skills create breakthrough moments. Your questions consistently generate valuable insights that clients remember long after sessions end. Clients access their own resourceful thinking through your skillful inquiry.', true, 5, 'f83064ee-237c-45b1-9db6-e6212c195cdb', '9f6e38cc-8f1b-4ab9-b019-a5f5be0c3132', 'd4477ae7-e3ce-428c-bb1d-235c89e7f05c', '60f1a478-70ae-44a8-8bda-afc728d37846'),
	('66fba7ce-8d1c-4fd1-824c-ecfc0433f1dc', NULL, NULL, NULL, NULL, '2025-08-17 09:34:12.866985+00', '2025-08-17 09:34:12.866985+00', 'Present moment awareness showed significant gaps - energy shifts went unnoticed and processing needs were overlooked. This suggests focus on your own agenda rather than responding to what is actually happening in real-time.', true, 1, 'f83064ee-237c-45b1-9db6-e6212c195cdb', '9f6e38cc-8f1b-4ab9-b019-a5f5be0c3132', 'f1c88df8-cfec-4e1c-85d0-327fdb23af61', '53f95a86-8ebb-4601-913f-8bc28ff2ad7d'),
	('8cd8f062-e622-4922-90e5-9bf669d2335d', NULL, NULL, NULL, NULL, '2025-08-17 09:34:12.866985+00', '2025-08-17 09:34:12.866985+00', 'Your present moment awareness captures obvious changes but misses subtle shifts that provide important coaching information. This indicates mental preoccupation with planning next steps rather than staying present.', true, 2, 'f83064ee-237c-45b1-9db6-e6212c195cdb', '9f6e38cc-8f1b-4ab9-b019-a5f5be0c3132', 'f1c88df8-cfec-4e1c-85d0-327fdb23af61', '53f95a86-8ebb-4601-913f-8bc28ff2ad7d'),
	('918a0e3d-11ee-4ba0-a48c-e401921b6f6a', NULL, NULL, NULL, NULL, '2025-08-17 09:34:12.866985+00', '2025-08-17 09:34:12.866985+00', 'Your presence shows inconsistency - effectively catching some moments while rushing through others. Your awareness fluctuates based on comfort level rather than staying consistently attuned to client needs.', true, 3, 'f83064ee-237c-45b1-9db6-e6212c195cdb', '9f6e38cc-8f1b-4ab9-b019-a5f5be0c3132', 'f1c88df8-cfec-4e1c-85d0-327fdb23af61', 'c7f1cecf-d491-4fb9-af2e-324154ed1c8f'),
	('369e0a56-9d26-4d8c-9fcc-31cdf52b248c', NULL, NULL, NULL, NULL, '2025-08-17 09:34:12.866985+00', '2025-08-17 09:34:12.866985+00', 'Your present moment awareness demonstrates strong development. Your ability to track and respond to real-time changes deepens coaching impact significantly.', true, 4, 'f83064ee-237c-45b1-9db6-e6212c195cdb', '9f6e38cc-8f1b-4ab9-b019-a5f5be0c3132', 'f1c88df8-cfec-4e1c-85d0-327fdb23af61', '60f1a478-70ae-44a8-8bda-afc728d37846'),
	('cf686f8f-edaa-4eb2-a09c-c0042f063cb9', NULL, NULL, NULL, NULL, '2025-08-17 09:34:12.866985+00', '2025-08-17 09:34:12.866985+00', 'Your presence skills create powerful experiences. Your sensitivity to subtle shifts creates breakthrough moments where clients feel completely safe to explore important insights.', true, 5, 'f83064ee-237c-45b1-9db6-e6212c195cdb', '9f6e38cc-8f1b-4ab9-b019-a5f5be0c3132', 'f1c88df8-cfec-4e1c-85d0-327fdb23af61', '60f1a478-70ae-44a8-8bda-afc728d37846');


--
-- Data for Name: competency_rich_insights; Type: TABLE DATA; Schema: public; Owner: postgres
--

INSERT INTO "public"."competency_rich_insights" ("id", "primary_insight", "coaching_impact", "key_observation", "development_focus", "practice_recommendation", "growth_pathway", "practical_application", "supervision_focus", "learning_approach", "sort_order", "is_active", "created_at", "updated_at", "framework_id", "assessment_level_id", "competency_id") VALUES
	('723e7c1a-6d4a-40de-b0ad-328f9f817416', 'Active listening is the cornerstone of effective coaching, and this is an area requiring significant development. Currently, you may find yourself planning responses while the client speaks, or focusing more on your coaching agenda than the client''s actual needs. This is normal for developing coaches and represents an important growth opportunity.', 'Limited listening skills can create missed opportunities in coaching. Clients may feel rushed, unheard, or sense that you''re following a script rather than responding to their unique situation. This can limit the depth and effectiveness of your coaching relationships.', 'You may find yourself interrupting, offering advice, or jumping to solutions before fully understanding the client''s perspective. Your listening might be filtered through your own experiences rather than staying with the client''s reality.', 'Start with the basics: Focus on being fully present without planning your next question. Practice summarizing what you hear before moving forward. Build the discipline of listening without judging or evaluating.', 'Use the "mirror and confirm" technique: Reflect back exactly what you heard and ask "Did I get that right?" This ensures understanding and shows the client you''re truly listening.', 'Begin by mastering the fundamentals: maintain appropriate eye contact, minimize distractions, and practice patience. Set a goal to speak less than 30% of the time in coaching sessions.', 'Record practice sessions (with permission) and review them focusing solely on listening behaviors. Count interruptions, notice when you stop listening to plan questions, and identify missed opportunities to explore deeper.', 'Work with a mentor to practice pure listening exercises. Have them speak for 5 minutes while you only listen, then reflect back what you heard without adding interpretation.', 'Read "The Lost Art of Listening" by Michael Nichols. Practice mindfulness meditation to develop presence and reduce mental chatter during conversations.', 3, true, '2025-08-12 19:27:24.972833+00', '2025-08-12 19:27:24.972833+00', 'f83064ee-237c-45b1-9db6-e6212c195cdb', '9f6e38cc-8f1b-4ab9-b019-a5f5be0c3132', '8ff9f6ae-42e9-43af-a8a3-39f8066a2df0'),
	('7ab1342e-aa11-46c9-a167-3266968cca86', 'Your active listening skills show solid development with clear potential for growth. You grasp the fundamentals of attentive listening and demonstrate genuine interest in your clients'' experiences. The foundation is strong, and with focused practice, you can elevate this crucial competency.', 'Your current listening level supports effective coaching conversations, though you may occasionally miss deeper emotional currents or subtle cues. Clients feel heard on a surface level, but there''s opportunity to create more profound connection and insight through deeper listening.', 'You tend to listen well to content and facts, but may need to develop your capacity to hear emotions, values, and beliefs that underlie the client''s words. Your listening is functional but not yet transformative.', 'Develop your capacity for "Level 2" listeninglistening to the client rather than through your own filters. Practice setting aside your own agenda and assumptions to hear the client''s unique perspective.', 'Practice the "pause and reflect" technique: After the client speaks, pause for 3 seconds before responding. Use this time to truly process what was said rather than formulating your next question.', 'Work toward listening for themes and patterns across the conversation. Begin noting recurring words, emotions, or concerns that might indicate deeper issues worth exploring.', 'In your next coaching sessions, challenge yourself to ask fewer questions and make more reflective observations. Try: "I''m hearing that trust is really important to you" rather than immediately asking another question.', 'Seek feedback from a mentor on your listening presence. Are there moments when you appear distracted or when your own agenda interferes with hearing the client?', 'Study the Co-Active Coaching model''s three levels of listening. Practice identifying which level you''re operating from moment to moment.', 2, true, '2025-08-12 19:27:24.972833+00', '2025-08-12 19:27:24.972833+00', 'f83064ee-237c-45b1-9db6-e6212c195cdb', '9f6e38cc-8f1b-4ab9-b019-a5f5be0c3132', '8ff9f6ae-42e9-43af-a8a3-39f8066a2df0'),
	('2f8cc8e4-fd3b-4c9b-9367-ef583c6f149b', 'Your active listening skills demonstrate exceptional coaching presence. You consistently create a safe, non-judgmental space where clients feel truly heard and understood. Your ability to listen beyond wordspicking up on emotions, energy shifts, and unspoken concernselevates your coaching to a transformative level.', 'This mastery of active listening enables you to facilitate profound client insights. Clients likely experience breakthrough moments as you reflect back not just what they say, but what they mean. Your listening creates the conditions for deep self-exploration and authentic change.', 'You demonstrate the rare ability to hold silence comfortably, allowing clients the space to process and discover. Your listening is active yet unobtrusive, creating a powerful container for client growth.', 'Focus on using your advanced listening skills to identify systemic patterns and organizational dynamics. Consider how you might apply these skills in team coaching or organizational consulting contexts.', 'Experiment with somatic listeningtuning into what the client''s body language and energy are communicating. Practice reflecting these observations back: "I notice your energy shifted when you mentioned that project."', 'Your next evolution involves teaching and mentoring others in this competency. Consider how you might model and transfer these skills to emerging coaches or use them in supervisor roles.', 'In complex coaching scenarios, use your listening skills to identify recursive patternsthemes that appear across different contexts in the client''s life. This meta-level listening can unlock systemic change.', 'In supervision, explore how your listening skills might have blind spots. Are there certain emotions or topics where your listening becomes less effective?', 'Study advanced modalities like Focusing or Somatic Experiencing to deepen your embodied listening practices.', 1, true, '2025-08-12 19:27:24.972833+00', '2025-08-12 19:27:24.972833+00', 'f83064ee-237c-45b1-9db6-e6212c195cdb', '9f6e38cc-8f1b-4ab9-b019-a5f5be0c3132', '8ff9f6ae-42e9-43af-a8a3-39f8066a2df0'),
	('96efa8c2-3dce-4c07-bd60-4068b717b457', 'Developing the capacity for powerful questioning represents one of your most important growth opportunities as a coach. Currently, your questions may inadvertently direct clients toward predetermined solutions, seek to confirm your own hypotheses, or be disguised advice-giving. You might find yourself asking leading questions, compound questions that confuse rather than clarify, or "why" questions that put clients in defensive or analytical modes. This pattern is completely normal for developing coaches and represents rich territory for skill development.', 'Your current questioning approach may create subtle dependency patterns where clients look to you for direction rather than developing their own insight-generating capacity. Questions that contain implicit advice or solutions can undermine client empowerment and reduce the transformational potential of coaching conversations. This can limit client ownership of insights and reduce the sustainability of coaching outcomes.', 'You likely find yourself asking multiple questions in succession without allowing processing time, or asking questions that arise from your own curiosity or agenda rather than the client''s emerging needs. Your questions may be more focused on gathering information than facilitating discovery, and you might struggle to tolerate the silence that follows truly powerful questions.', 'Begin with the foundation: learning to ask one clear, open-ended question at a time. Focus on developing genuine curiosity about your client''s inner world rather than trying to solve their problems through questioning. Practice the discipline of asking questions that you genuinely don''t know the answer to.', 'Implement the "one question rule" rigorously: Ask one clear question, then remain completely silent until the client finishes their response. Count to five after they stop speaking before asking another question. Practice basic discovery questions: "What''s most important to you about this?" "How are you feeling about that?" "What would you like to explore?"', 'Master the fundamentals before attempting sophisticated techniques. Focus on asking clean, simple questions that begin with "what" or "how" rather than "why." Learn to recognize when you''re about to give advice and practice converting those impulses into genuine questions. Develop comfort with not knowing where questions will lead.', 'Record practice sessions and review them with a focus on question quality. Count how many questions you ask versus statements you make. Identify moments where you asked leading questions or gave advice disguised as questions. Practice reformulating these as clean, open inquiries.', 'Work intensively with a mentor on question formation. Role-play scenarios where you practice asking only clean, curious questions without any agenda. Have your mentor interrupt you whenever you slip into advice-giving or leading questions. Practice recovering from question "mistakes" gracefully.', 'Study the fundamental principles of powerful questioning. Read "The Coaching Habit" by Michael Bungay Stanier for practical frameworks. Take a course specifically focused on questioning skills. Practice with the ICF Core Competency framework and study examples of masterful coaching questions.', 6, true, '2025-08-12 19:27:24.972833+00', '2025-08-12 19:27:24.972833+00', 'f83064ee-237c-45b1-9db6-e6212c195cdb', '9f6e38cc-8f1b-4ab9-b019-a5f5be0c3132', 'd4477ae7-e3ce-428c-bb1d-235c89e7f05c'),
	('488a0546-2823-49d3-b689-2e1d0599ad08', 'Your questioning skills demonstrate solid competency with clear potential for breakthrough to the next level. You consistently ask relevant, thoughtful questions that move conversations forward and support client exploration. While you grasp the fundamentals of powerful inquiry, you sometimes rely on familiar question patterns rather than responding spontaneously to the unique energy and needs of each moment. Your questions are functional and helpful, creating a foundation for growth into more intuitive and transformational questioning.', 'Your questions create meaningful dialogue and often lead to valuable insights for clients. They feel heard and guided through your thoughtful inquiry, though the questioning might sometimes feel structured rather than deeply emergent. Clients appreciate your curiosity and find your questions helpful for gaining clarity, though breakthrough moments may be less frequent than with more advanced questioning techniques.', 'You demonstrate competence in asking "what" and "how" questions that gather information and support exploration. However, you may need to develop greater comfort with questions that probe emotional territory, challenge assumptions, or invite clients into unknown territory. Your questioning tends to be cognitive rather than somatic or intuitive.', 'Transition from information-gathering questions toward questions that facilitate discovery and transformation. Practice questions that help clients access their inner wisdom rather than just organizing their thinking. Develop comfort with questions that might temporarily destabilize or challenge clients in service of their growth.', 'Before asking your next question, pause and sense what this client most needs to discover right now. Let this intuitive sense guide your question rather than following a logical sequence. Practice questions that begin with: "What if...?" "How might...?" "What would it mean if...?" Notice the difference in client responses when you ask from curiosity versus agenda.', 'Develop greater tolerance for silence after asking questions. Many developing coaches rush to fill space or ask follow-up questions too quickly. Practice letting powerful questions land and reverberate. Begin to notice which of your questions generate the deepest client insights and replicate those patterns.', 'During your next three coaching sessions, focus entirely on question quality over quantity. Challenge yourself to ask fewer but more impactful questions. After each session, review: Which question led to the client''s biggest insight? What made that question different from your others?', 'Work with a mentor to review recordings of your sessions, focusing exclusively on your questions. Identify patterns in your questioning style. What types of questions do you avoid? When do you default to advice-giving disguised as questions? Practice reformulating advice as genuine inquiry.', 'Study the distinction between powerful questions and leading questions. Read "The Art of Powerful Questions" and practice question construction exercises. Develop skills in different questioning approaches: appreciative, clean language, solution-focused, and systemic questioning techniques.', 5, true, '2025-08-12 19:27:24.972833+00', '2025-08-12 19:27:24.972833+00', 'f83064ee-237c-45b1-9db6-e6212c195cdb', '9f6e38cc-8f1b-4ab9-b019-a5f5be0c3132', 'd4477ae7-e3ce-428c-bb1d-235c89e7f05c'),
	('8e736c30-3567-418c-9004-c59f4b0a50be', 'Your questioning technique represents mastery-level coaching artistry. You possess the rare ability to craft questions that slice through surface narratives and illuminate the deeper truths beneath. Your questions create profound "aha moments" and consistently catalyze breakthrough insights that clients remember long after sessions end. You demonstrate exquisite timing - knowing when to probe deeper, when to pause, and when to shift perspective through skillful inquiry.', 'Your sophisticated questioning ability transforms lives. Clients frequently experience paradigm shifts and deep revelations because your questions access wisdom they didn''t know they possessed. You create safety for exploration of difficult territory while maintaining gentle pressure toward growth. Your questions become catalysts for sustainable change, helping clients develop new neural pathways and ways of thinking that serve them far beyond coaching.', 'You demonstrate exceptional skill in asking questions that emerge spontaneously from deep listening rather than formulaic approaches. Your questions feel effortless yet profound, simple yet multi-layered. You intuitively know how to follow the client''s energy and ask questions that unlock their specific patterns and blocks.', 'Expand into systemic and organizational questioning techniques. Your mastery positions you to work with complex adaptive systems, team dynamics, and organizational transformation. Consider how your questioning skills might serve leadership development, team coaching, or organizational consulting contexts where multiple perspectives and stakeholders are involved.', 'Experiment with emergent questioning techniques that access different ways of knowing. Try somatic questions: "What does your body know about this decision?" Metaphorical questions: "If this challenge were a landscape, what would you see?" Future-focused questions: "When you''ve successfully navigated this, what will you notice first?" Practice questions that work with paradox and polarities.', 'Your evolution involves becoming a teacher and mentor of this competency. Consider developing signature questioning methodologies or writing about the art of powerful inquiry. You''re positioned to contribute to the field through training other coaches, developing assessment tools, or creating questioning frameworks that others can learn from.', 'In complex coaching scenarios, use meta-questioning to work with the client''s thinking patterns themselves. Ask questions about their questions, explore their assumptions about problem-solving, and help them develop their own capacity for self-inquiry. Focus on questions that reveal blind spots and unconscious competencies.', 'Explore the edge cases where your questioning might be too sophisticated for certain clients. How do you calibrate question complexity to client readiness? Examine whether your mastery might sometimes intimidate rather than empower. Consider your own attachment to "powerful" questions versus simple curiosity.', 'Study advanced modalities like Clean Language, Appreciative Inquiry, or Systemic Coaching approaches. Consider training in therapeutic questioning techniques, philosophical inquiry methods, or organizational development questioning frameworks. Your learning edge involves integration across disciplines.', 4, true, '2025-08-12 19:27:24.972833+00', '2025-08-12 19:27:24.972833+00', 'f83064ee-237c-45b1-9db6-e6212c195cdb', '9f6e38cc-8f1b-4ab9-b019-a5f5be0c3132', 'd4477ae7-e3ce-428c-bb1d-235c89e7f05c'),
	('f43948f1-a2f5-4f6a-a3dc-9161ccb49ac2', 'Developing present moment awareness represents foundational work that will enhance every other aspect of your coaching competency. Currently, you may find your mind frequently occupied with planning your next question, reviewing coaching models, analyzing the client''s situation, or evaluating your own performance during sessions. This mental activity, while normal for beginning coaches, creates a barrier between you and your client that limits the depth and authenticity of connection possible in coaching relationships.', 'Limited presence creates subtle disconnection that clients can feel, even if they can''t articulate it. You may miss important nonverbal cues, emotional shifts, or energetic information that could inform your coaching responses. The quality of attention you bring directly impacts the client''s sense of safety and their willingness to explore vulnerable territory. Distracted presence can make coaching feel mechanical rather than relational.', 'You likely notice being "in your head" frequently during coaching sessions - planning, analyzing, worrying about saying the right thing, or getting caught in your own thoughts about the client''s situation. Your attention may feel fragmented, split between the client and your own internal coaching commentary.', 'Begin with basic presence practices that anchor you in immediate sensory experience. Focus on breath awareness, physical sensations, and simple attention to what you can see and hear. Practice recognizing when your mind has wandered and gently returning attention to the present moment without self-criticism.', 'Start each coaching session with 30 seconds of conscious centering: Take three slow, deep breaths while setting an intention to stay present with your client. When you notice your mind wandering during sessions, use breath as an anchor to return to the here and now. Practice the basic mindfulness instruction: Notice when attention has moved to thinking, and gently return to presence.', 'Establish a daily mindfulness practice outside of coaching to build your baseline capacity for sustained attention. Start with just 5-10 minutes daily of simple breath awareness or body scan meditation. As this foundation strengthens, your capacity for presence during coaching will naturally improve.', 'Practice mindful transitions: Take one conscious breath between each client response and your next intervention. When you notice mental activity during sessions, silently name it ("planning," "analyzing," "worrying") and return attention to your client''s words and presence.', 'Work with a mentor to identify your specific patterns of distraction. What triggers you to leave the present moment? Practice presence-building exercises during supervision sessions. Learn to recognize the felt sense of being present versus being distracted.', 'Begin a foundational mindfulness practice using guided meditations or mindfulness apps. Read "Presence-Based Coaching" by Doug Silsbee. Practice mindful listening exercises in daily life. Consider taking a Mindfulness-Based Stress Reduction (MBSR) course to build fundamental presence skills.', 9, true, '2025-08-12 19:27:24.972833+00', '2025-08-12 19:27:24.972833+00', 'f83064ee-237c-45b1-9db6-e6212c195cdb', '9f6e38cc-8f1b-4ab9-b019-a5f5be0c3132', 'f1c88df8-cfec-4e1c-85d0-327fdb23af61'),
	('6fd1d1cc-9894-43e2-bf6a-a284e9a564ad', 'Your present moment awareness is developing well, with increasing capacity to stay attuned to what''s happening in real-time during coaching conversations. You notice obvious shifts in client energy and can generally maintain presence when conversations flow smoothly. However, you may find your awareness fragmenting when faced with challenging coaching moments, difficult emotions, or your own performance anxiety. Your developing presence creates good connection with clients, though you sometimes miss subtler cues that could deepen the coaching experience.', 'Your growing presence supports meaningful coaching relationships and enables clients to feel seen and heard. You catch significant emotional shifts and energy changes, which allows you to respond appropriately to client needs. However, opportunities for deeper impact may be missed when your attention gets pulled into planning your next intervention or analyzing the client''s situation rather than staying with immediate experience.', 'You tend to maintain good presence when feeling confident and connected, but may lose awareness when encountering unfamiliar territory, strong emotions, or moments of not knowing how to proceed. Your attention might default to problem-solving mode rather than staying with whatever is emerging in the present moment.', 'Practice returning to presence when you notice your mind has wandered into planning, analyzing, or judging. Develop skills for staying grounded during emotionally charged moments or when clients share difficult material. Learn to use your own nervous system as a barometer for what''s happening in the coaching relationship.', 'Use breath awareness as an anchor to the present moment. Take one conscious breath between client statements to center yourself and return to presence. Practice the "STOP" technique: Stop, Take a breath, Observe what''s happening right now, Proceed with awareness. Notice your tendency to leave the present moment and gently return without self-judgment.', 'Develop comfort with naming what you''re noticing in real-time: "I notice some tension in the room right now," "Something shifted when you mentioned your boss," "I''m aware of feeling moved by what you just shared." Practice distinguishing between your own emotional responses and information about the client''s system.', 'Set an intention to make at least one "here and now" observation per coaching session. Practice tracking your own presence throughout sessions - notice when you''re truly present versus when you''re in your head. Experiment with using silence as a tool for deepening presence rather than filling space with words.', 'Identify your specific triggers for leaving the present moment. What client behaviors, emotions, or coaching challenges consistently pull you into mental activity? Work with a supervisor to practice staying present during these triggering moments.', 'Establish a consistent daily mindfulness practice to build your baseline capacity for present moment awareness. Study presence-based coaching literature and consider taking courses in mindfulness-based coaching approaches. Practice mindful listening exercises outside of coaching contexts.', 8, true, '2025-08-12 19:27:24.972833+00', '2025-08-12 19:27:24.972833+00', 'f83064ee-237c-45b1-9db6-e6212c195cdb', '9f6e38cc-8f1b-4ab9-b019-a5f5be0c3132', 'f1c88df8-cfec-4e1c-85d0-327fdb23af61'),
	('0499ffb5-a16c-4817-913d-9aa650ec06a6', 'Your present moment awareness represents a rare and profound coaching gift. You consistently create a field of presence so palpable that clients often comment on feeling immediately calmer and more centered in your company. Your exquisite attunement to subtle energetic shifts, micro-expressions, breathing patterns, and emotional undercurrents enables you to track what''s happening beneath the surface of conversations. This embodied presence becomes a powerful intervention in itself, creating safety for clients to access deeper truths and authentic feelings.', 'Your advanced presence creates transformational coaching experiences. Clients feel truly seen and met at their deepest level, enabling them to access parts of themselves they may have never shared with another person. Your presence creates the conditions for profound healing, insight, and growth. Clients often experience somatic releases, emotional breakthroughs, and access to inner wisdom simply through being witnessed with such quality attention.', 'You demonstrate masterful ability to track multiple levels of experience simultaneously - cognitive content, emotional undercurrents, somatic shifts, energetic changes, and relational dynamics. Your presence is simultaneously spacious and focused, allowing you to hold complexity without becoming overwhelmed or losing your center.', 'Explore applications of your presence in systemic and organizational contexts. Your advanced awareness positions you for group facilitation, team coaching, and organizational transformation work where tracking collective energy and group dynamics becomes crucial. Consider how your presence might serve conflict resolution, leadership development, or community healing work.', 'Experiment with explicitly sharing your moment-to-moment awareness: "I''m noticing your breathing has shifted," "There''s a quality of stillness that just entered the room," "I sense something wants to be said that hasn''t been spoken yet." Practice using your somatic awareness as a coaching intervention, helping clients connect with their own embodied experience.', 'Your mastery positions you for leadership in presence-based coaching approaches. Consider advanced training in somatic coaching, mindfulness-based interventions, or body-oriented therapeutic modalities. You''re positioned to teach presence to other coaches, develop mindfulness-based coaching programs, or contribute to the integration of contemplative practices in professional development.', 'Use your present moment awareness to track patterns across sessions and over time. Notice how a client''s energy signature changes as they grow. Pay attention to your own energetic responses as information about the client''s system. Practice using presence as a form of systemic assessment - what does this person''s nervous system tell you about their life circumstances?', 'Explore the boundaries and ethics of presence-based coaching. How do you work with the intimate information that emerges through somatic awareness? Examine counter-transference and projection - how do you distinguish between client material and your own responses? Consider how your advanced sensitivity might sometimes be overwhelming for certain clients.', 'Deepen your understanding through advanced somatic and mindfulness-based training. Study modalities like Hakomi, Somatic Experiencing, Focusing, or Mindfulness-Based Stress Reduction. Consider training in trauma-informed approaches given the depth of material that your presence tends to evoke.', 7, true, '2025-08-12 19:27:24.972833+00', '2025-08-12 19:27:24.972833+00', 'f83064ee-237c-45b1-9db6-e6212c195cdb', '9f6e38cc-8f1b-4ab9-b019-a5f5be0c3132', 'f1c88df8-cfec-4e1c-85d0-327fdb23af61');


--
-- Data for Name: competency_strategic_actions; Type: TABLE DATA; Schema: public; Owner: postgres
--

INSERT INTO "public"."competency_strategic_actions" ("id", "action_text", "priority_order", "is_active", "created_at", "sort_order", "framework_id", "assessment_level_id", "competency_id", "scoring_tier_id") VALUES
	('a5e73490-40c1-4b2f-84ce-085fb26efba2', 'Practice the pause: After client speaks, take a breath and ask yourself "What am I sensing?" then respond to both content and emotion.', 0, true, '2025-08-17 09:34:12.866985+00', 1, 'f83064ee-237c-45b1-9db6-e6212c195cdb', '9f6e38cc-8f1b-4ab9-b019-a5f5be0c3132', '8ff9f6ae-42e9-43af-a8a3-39f8066a2df0', '53f95a86-8ebb-4601-913f-8bc28ff2ad7d'),
	('62ef4d44-cb53-411f-863d-71ea36cdc62d', 'Use emotion labeling: "It sounds like frustration" or "I hear excitement." Practice identifying emotions in conversations.', 0, true, '2025-08-17 09:34:12.866985+00', 2, 'f83064ee-237c-45b1-9db6-e6212c195cdb', '9f6e38cc-8f1b-4ab9-b019-a5f5be0c3132', '8ff9f6ae-42e9-43af-a8a3-39f8066a2df0', '53f95a86-8ebb-4601-913f-8bc28ff2ad7d'),
	('b9031904-033c-436e-a09c-9a600037f42d', 'Master reflective listening: Repeat back what you heard, then add "and it seems like..." to capture the emotional layer.', 0, true, '2025-08-17 09:34:12.866985+00', 3, 'f83064ee-237c-45b1-9db6-e6212c195cdb', '9f6e38cc-8f1b-4ab9-b019-a5f5be0c3132', '8ff9f6ae-42e9-43af-a8a3-39f8066a2df0', '53f95a86-8ebb-4601-913f-8bc28ff2ad7d'),
	('63b7b3b3-a614-4916-9eb0-8dc6bc821759', 'Create safety for vulnerability: Slow down, lower your voice, and say "That takes courage to share."', 0, true, '2025-08-17 09:34:12.866985+00', 4, 'f83064ee-237c-45b1-9db6-e6212c195cdb', '9f6e38cc-8f1b-4ab9-b019-a5f5be0c3132', '8ff9f6ae-42e9-43af-a8a3-39f8066a2df0', 'c7f1cecf-d491-4fb9-af2e-324154ed1c8f'),
	('1237f4dd-e424-4f8f-aef0-4873674b3921', 'Ask about feelings: "What excites you about this?" or "How does that land with you?"', 0, true, '2025-08-17 09:34:12.866985+00', 1, 'f83064ee-237c-45b1-9db6-e6212c195cdb', '9f6e38cc-8f1b-4ab9-b019-a5f5be0c3132', 'd4477ae7-e3ce-428c-bb1d-235c89e7f05c', '53f95a86-8ebb-4601-913f-8bc28ff2ad7d'),
	('7f08c088-cf59-455a-a540-fc27fe7df5f6', 'Challenge assumptions: "What if the opposite were true?" or "What would need to change for this to feel easy?"', 0, true, '2025-08-17 09:34:12.866985+00', 2, 'f83064ee-237c-45b1-9db6-e6212c195cdb', '9f6e38cc-8f1b-4ab9-b019-a5f5be0c3132', 'd4477ae7-e3ce-428c-bb1d-235c89e7f05c', '53f95a86-8ebb-4601-913f-8bc28ff2ad7d'),
	('2745979f-d483-4732-96f2-74fb661e61de', 'Replace advice with curiosity: When you want to suggest something, ask "What possibilities are you seeing?"', 0, true, '2025-08-17 09:34:12.866985+00', 3, 'f83064ee-237c-45b1-9db6-e6212c195cdb', '9f6e38cc-8f1b-4ab9-b019-a5f5be0c3132', 'd4477ae7-e3ce-428c-bb1d-235c89e7f05c', '53f95a86-8ebb-4601-913f-8bc28ff2ad7d'),
	('c136f2cf-fba8-441a-b14b-ab51e7445753', 'Help them access their resourceful state: "If you already knew the answer, what would it be?" or "What comes up when you trust yourself?"', 0, true, '2025-08-17 09:34:12.866985+00', 4, 'f83064ee-237c-45b1-9db6-e6212c195cdb', '9f6e38cc-8f1b-4ab9-b019-a5f5be0c3132', 'd4477ae7-e3ce-428c-bb1d-235c89e7f05c', 'c7f1cecf-d491-4fb9-af2e-324154ed1c8f'),
	('7cc5beb7-0ccf-4c5c-97b7-043b55b3eacd', 'Notice what you sense: "Something shifted for you just then" or "I sense some energy around this topic."', 0, true, '2025-08-17 09:34:12.866985+00', 1, 'f83064ee-237c-45b1-9db6-e6212c195cdb', '9f6e38cc-8f1b-4ab9-b019-a5f5be0c3132', 'f1c88df8-cfec-4e1c-85d0-327fdb23af61', '53f95a86-8ebb-4601-913f-8bc28ff2ad7d'),
	('72b8c4b4-8fb9-41c0-942f-09bbb8552656', 'Name what you see: "Your voice got softer" or "I see a smile in your eyes." Let them interpret the meaning.', 0, true, '2025-08-17 09:34:12.866985+00', 2, 'f83064ee-237c-45b1-9db6-e6212c195cdb', '9f6e38cc-8f1b-4ab9-b019-a5f5be0c3132', 'f1c88df8-cfec-4e1c-85d0-327fdb23af61', '53f95a86-8ebb-4601-913f-8bc28ff2ad7d'),
	('70514400-77cc-490a-a289-cdb5189b2a20', 'Get comfortable with silence: After asking a question, take one deep breath before speaking again.', 0, true, '2025-08-17 09:34:12.866985+00', 3, 'f83064ee-237c-45b1-9db6-e6212c195cdb', '9f6e38cc-8f1b-4ab9-b019-a5f5be0c3132', 'f1c88df8-cfec-4e1c-85d0-327fdb23af61', '53f95a86-8ebb-4601-913f-8bc28ff2ad7d'),
	('f3b104bd-e257-40af-8ca9-700a0f5fdd94', 'Trust your intuition: When something feels different, say "I notice something shifted" and pause for their response.', 0, true, '2025-08-17 09:34:12.866985+00', 4, 'f83064ee-237c-45b1-9db6-e6212c195cdb', '9f6e38cc-8f1b-4ab9-b019-a5f5be0c3132', 'f1c88df8-cfec-4e1c-85d0-327fdb23af61', 'c7f1cecf-d491-4fb9-af2e-324154ed1c8f');


--
-- Data for Name: framework_scoring_overrides; Type: TABLE DATA; Schema: public; Owner: postgres
--



--
-- Data for Name: learning_logs; Type: TABLE DATA; Schema: public; Owner: postgres
--

INSERT INTO "public"."learning_logs" ("id", "user_id", "activity_name", "date", "learnings_and_reflections", "created_at", "updated_at") VALUES
	('66920ad5-f8a3-4844-b19d-851b7bba9a40', 'cbf00e2b-d6a5-42ce-97a0-b58c0c212293', 'SpeakUp - Module 1', '2025-08-15', 'Tbc', '2025-08-15 14:05:45.352531+00', '2025-08-15 14:05:45.352531+00');


--
-- Data for Name: learning_path_categories; Type: TABLE DATA; Schema: public; Owner: postgres
--

INSERT INTO "public"."learning_path_categories" ("id", "category_title", "category_description", "category_icon", "competency_areas", "priority_order", "is_active", "created_at", "assessment_level_id") VALUES
	('3c3fdbff-54c6-4a62-819d-92cc79d47d9b', 'Communication & Questioning', 'Master active listening and powerful questioning techniques for deeper client connections', '', '{"Active Listening","Powerful Questions"}', 1, true, '2025-08-12 00:52:37.18462+00', '9f6e38cc-8f1b-4ab9-b019-a5f5be0c3132'),
	('fc84d6aa-559f-4ce4-a8c6-6d28ddcb3c15', 'Presence & Awareness', 'Develop mindful presence and awareness skills to create breakthrough coaching moments', '', '{"Present Moment Awareness"}', 2, true, '2025-08-12 00:52:37.18462+00', '9f6e38cc-8f1b-4ab9-b019-a5f5be0c3132');


--
-- Data for Name: resource_types; Type: TABLE DATA; Schema: public; Owner: postgres
--

INSERT INTO "public"."resource_types" ("id", "code", "name", "description", "is_active", "created_at") VALUES
	('5dbbc2f1-a7bc-42f9-b667-7a6f003528f9', 'article', 'Articles', 'Articles and written content', true, '2025-08-14 16:48:16.834521+00'),
	('42f3e6ee-3335-4fd5-801a-85fdfa479cc8', 'workshop', 'Workshops', 'Resource type: workshop', true, '2025-08-14 16:48:16.834521+00'),
	('3993f2c5-1929-4249-baaf-d7df8723f46f', 'course', 'Courses', 'Structured learning courses', true, '2025-08-14 16:48:16.834521+00'),
	('ca796c69-15dd-4fd5-9aba-151aaa612304', 'exercise', 'Exercises', 'Practical exercises and activities', true, '2025-08-14 16:48:16.834521+00'),
	('b04373d5-2562-49aa-a1a9-13dfbf14caf2', 'book', 'Books', 'Educational books and publications', true, '2025-08-14 16:48:16.834521+00'),
	('4811da0b-cfc3-4234-8884-818170ea2643', 'video', 'Videos', 'Video content and tutorials', true, '2025-08-14 16:48:16.834521+00');


--
-- Data for Name: learning_resources; Type: TABLE DATA; Schema: public; Owner: postgres
--

INSERT INTO "public"."learning_resources" ("id", "category_id", "title", "description", "url", "author_instructor", "is_active", "created_at", "framework_id", "assessment_level_id", "resource_type_id") VALUES
	('49438ac5-bc99-4c94-8178-ddb7cb47678b', '3c3fdbff-54c6-4a62-819d-92cc79d47d9b', 'Co-Active Coaching (Fourth Edition)', 'Foundational coaching model covering communication patterns, listening levels, and question crafting for deeper client engagement', 'https://www.amazon.co.uk/Co-Active-Coaching-framework-transformative-conversations/dp/1473674980', 'Laura Whitworth, Karen Kimsey-House, Henry Kimsey-House, Phillip Sandahl', true, '2025-08-12 00:52:37.18462+00', 'f83064ee-237c-45b1-9db6-e6212c195cdb', '9f6e38cc-8f1b-4ab9-b019-a5f5be0c3132', 'b04373d5-2562-49aa-a1a9-13dfbf14caf2'),
	('31a80bc8-1986-4443-938d-6c6dbbfa7f61', '3c3fdbff-54c6-4a62-819d-92cc79d47d9b', 'The Art of Powerful Questions', 'Comprehensive guide to creating questions that generate insight, awareness, and breakthrough moments in coaching conversations', 'https://www.sparc.bc.ca/wp-content/uploads/2020/11/the-art-of-powerful-questions.pdf', 'Eric Vogt, Juanita Brown, David Isaacs', true, '2025-08-12 00:52:37.18462+00', 'f83064ee-237c-45b1-9db6-e6212c195cdb', '9f6e38cc-8f1b-4ab9-b019-a5f5be0c3132', '5dbbc2f1-a7bc-42f9-b667-7a6f003528f9'),
	('ce17340a-1c8d-422b-a4f2-43dde1a4af69', '3c3fdbff-54c6-4a62-819d-92cc79d47d9b', 'Active Listening Masterclass', 'Professional development course focusing on Level 2 and Level 3 listening skills for coaching effectiveness', 'https://coachcampus.com/coaching-skill-active-listening/', 'International Coach Academy', true, '2025-08-12 00:52:37.18462+00', 'f83064ee-237c-45b1-9db6-e6212c195cdb', '9f6e38cc-8f1b-4ab9-b019-a5f5be0c3132', '3993f2c5-1929-4249-baaf-d7df8723f46f'),
	('75b91357-07fd-4e1a-9fac-edfd39d1e2c1', '3c3fdbff-54c6-4a62-819d-92cc79d47d9b', 'What Is Active Listening?', 'Structured daily practice routine for developing deeper listening presence and attention in coaching sessions', 'https://www.ccl.org/articles/leading-effectively-articles/coaching-others-use-active-listening-skills/', 'Center for Creative Leadership', true, '2025-08-12 00:52:37.18462+00', 'f83064ee-237c-45b1-9db6-e6212c195cdb', '9f6e38cc-8f1b-4ab9-b019-a5f5be0c3132', '5dbbc2f1-a7bc-42f9-b667-7a6f003528f9'),
	('eacae1ab-4952-4c33-ae29-53c0949a47e8', 'fc84d6aa-559f-4ce4-a8c6-6d28ddcb3c15', 'The Power of Now', 'Present moment awareness fundamentals for cultivating coaching presence and mindful attention', 'https://www.amazon.co.uk/Power-Now-Guide-Spiritual-Enlightenment/dp/0340733500', 'Eckhart Tolle', true, '2025-08-12 00:52:37.18462+00', 'f83064ee-237c-45b1-9db6-e6212c195cdb', '9f6e38cc-8f1b-4ab9-b019-a5f5be0c3132', 'b04373d5-2562-49aa-a1a9-13dfbf14caf2'),
	('2b7abe40-1c1f-499d-ba42-4c6d5268f579', 'fc84d6aa-559f-4ce4-a8c6-6d28ddcb3c15', 'Presence Practice for Coaches', 'Video series on developing authentic presence and awareness skills specifically for coaching professionals', 'https://www.youtube.com/watch?v=KrCdGpILafo', 'Empower-World', true, '2025-08-12 00:52:37.18462+00', 'f83064ee-237c-45b1-9db6-e6212c195cdb', '9f6e38cc-8f1b-4ab9-b019-a5f5be0c3132', '4811da0b-cfc3-4234-8884-818170ea2643'),
	('cd2a4d35-cb89-4388-a0cc-426c51fa3638', 'fc84d6aa-559f-4ce4-a8c6-6d28ddcb3c15', 'Awareness Creation Workshop', 'Interactive workshop on facilitating client self-discovery and awareness creation through skillful coaching techniques', 'https://example.com/awareness-workshop', 'International Coach Academy', false, '2025-08-12 00:52:37.18462+00', 'f83064ee-237c-45b1-9db6-e6212c195cdb', '9f6e38cc-8f1b-4ab9-b019-a5f5be0c3132', '42f3e6ee-3335-4fd5-801a-85fdfa479cc8');


--
-- Data for Name: learning_resource_competencies; Type: TABLE DATA; Schema: public; Owner: postgres
--

INSERT INTO "public"."learning_resource_competencies" ("id", "learning_resource_id", "competency_id", "created_at") VALUES
	('2bdca80c-d3f3-4efd-af96-98724f60a3f1', '49438ac5-bc99-4c94-8178-ddb7cb47678b', 'd4477ae7-e3ce-428c-bb1d-235c89e7f05c', '2025-08-15 15:48:16.744354+00'),
	('bb99fa00-03d9-43b6-8d26-e65d211ba7a6', '49438ac5-bc99-4c94-8178-ddb7cb47678b', '8ff9f6ae-42e9-43af-a8a3-39f8066a2df0', '2025-08-15 15:48:16.744354+00'),
	('9aa7f3c0-13d5-46af-b526-311c96765c59', '31a80bc8-1986-4443-938d-6c6dbbfa7f61', 'd4477ae7-e3ce-428c-bb1d-235c89e7f05c', '2025-08-15 15:49:25.05958+00'),
	('a8367bf5-b272-45d8-b6bb-95484ec8c8eb', 'ce17340a-1c8d-422b-a4f2-43dde1a4af69', '8ff9f6ae-42e9-43af-a8a3-39f8066a2df0', '2025-08-15 15:51:04.503248+00'),
	('53865dcb-3c47-45ab-813d-1713e5e8604c', '75b91357-07fd-4e1a-9fac-edfd39d1e2c1', '8ff9f6ae-42e9-43af-a8a3-39f8066a2df0', '2025-08-15 15:53:49.254403+00'),
	('120d5d4a-63fa-47a2-920f-00428ef144dd', 'eacae1ab-4952-4c33-ae29-53c0949a47e8', 'f1c88df8-cfec-4e1c-85d0-327fdb23af61', '2025-08-15 15:54:33.837551+00'),
	('32e93ab6-0d82-4f16-9067-ef98d776be0a', '2b7abe40-1c1f-499d-ba42-4c6d5268f579', 'f1c88df8-cfec-4e1c-85d0-327fdb23af61', '2025-08-15 15:57:10.1411+00'),
	('5a91ebcf-69b7-45ba-a195-36b9308f79e8', 'cd2a4d35-cb89-4388-a0cc-426c51fa3638', 'f1c88df8-cfec-4e1c-85d0-327fdb23af61', '2025-08-15 15:59:07.711142+00');


--
-- Data for Name: self_study; Type: TABLE DATA; Schema: public; Owner: postgres
--



--
-- Data for Name: skill_tags; Type: TABLE DATA; Schema: public; Owner: postgres
--

INSERT INTO "public"."skill_tags" ("id", "name", "sort_order", "is_active", "created_at", "framework_id", "assessment_level_id", "competency_id") VALUES
	('53e2ad65-7950-4e5c-bcf0-be365dfe54e0', 'Reflective Listening', 1, true, '2025-08-16 22:58:05.018834+00', 'f83064ee-237c-45b1-9db6-e6212c195cdb', '9f6e38cc-8f1b-4ab9-b019-a5f5be0c3132', '8ff9f6ae-42e9-43af-a8a3-39f8066a2df0'),
	('522760bd-db7e-482d-9743-a951a2c08c42', 'Emotional Attunement', 2, true, '2025-08-16 22:58:05.018834+00', 'f83064ee-237c-45b1-9db6-e6212c195cdb', '9f6e38cc-8f1b-4ab9-b019-a5f5be0c3132', '8ff9f6ae-42e9-43af-a8a3-39f8066a2df0'),
	('33edb96e-c319-43f7-87a7-d7f9a1f7cd4f', 'Safety & Trust Building', 3, true, '2025-08-16 22:58:05.018834+00', 'f83064ee-237c-45b1-9db6-e6212c195cdb', '9f6e38cc-8f1b-4ab9-b019-a5f5be0c3132', '8ff9f6ae-42e9-43af-a8a3-39f8066a2df0'),
	('ed912333-a676-4236-918b-1a1671681cec', 'Values-Based Questions', 1, true, '2025-08-16 22:58:05.018834+00', 'f83064ee-237c-45b1-9db6-e6212c195cdb', '9f6e38cc-8f1b-4ab9-b019-a5f5be0c3132', 'd4477ae7-e3ce-428c-bb1d-235c89e7f05c'),
	('6d9c63e0-e500-4743-abd6-9837d2fb3d46', 'Perspective Questions', 2, true, '2025-08-16 22:58:05.018834+00', 'f83064ee-237c-45b1-9db6-e6212c195cdb', '9f6e38cc-8f1b-4ab9-b019-a5f5be0c3132', 'd4477ae7-e3ce-428c-bb1d-235c89e7f05c'),
	('fd73629e-7e5f-475b-964a-d5c1fb2c8886', 'Empowering Questions', 3, true, '2025-08-16 22:58:05.018834+00', 'f83064ee-237c-45b1-9db6-e6212c195cdb', '9f6e38cc-8f1b-4ab9-b019-a5f5be0c3132', 'd4477ae7-e3ce-428c-bb1d-235c89e7f05c'),
	('6efa01fa-1b42-43b6-b58f-984117b536a9', 'Energy Awareness', 1, true, '2025-08-16 22:58:05.018834+00', 'f83064ee-237c-45b1-9db6-e6212c195cdb', '9f6e38cc-8f1b-4ab9-b019-a5f5be0c3132', 'f1c88df8-cfec-4e1c-85d0-327fdb23af61'),
	('f6d3e012-3e60-4370-82d5-5765ed45ace2', 'Holding Space', 2, true, '2025-08-16 22:58:05.018834+00', 'f83064ee-237c-45b1-9db6-e6212c195cdb', '9f6e38cc-8f1b-4ab9-b019-a5f5be0c3132', 'f1c88df8-cfec-4e1c-85d0-327fdb23af61'),
	('b230fd4d-6df5-431a-8280-76d426ab0af0', 'Self-Awareness', 3, true, '2025-08-16 22:58:05.018834+00', 'f83064ee-237c-45b1-9db6-e6212c195cdb', '9f6e38cc-8f1b-4ab9-b019-a5f5be0c3132', 'f1c88df8-cfec-4e1c-85d0-327fdb23af61');


--
-- Data for Name: tag_actions; Type: TABLE DATA; Schema: public; Owner: postgres
--

INSERT INTO "public"."tag_actions" ("id", "skill_tag_id", "action_text", "is_active", "created_at", "analysis_type_id") VALUES
	('05bfc896-3d9d-4ee1-8b9d-8dd742f616a0', '53e2ad65-7950-4e5c-bcf0-be365dfe54e0', 'Practice: "What I heard is [content] and it sounds like you''re feeling [emotion]." Include both facts and feelings.', true, '2025-08-16 22:58:05.018834+00', 'b2f61b8d-66c9-4d79-8fcd-58fd3bb370e4'),
	('eaf2f1fa-dcb9-4991-84af-5c828eb46efb', '522760bd-db7e-482d-9743-a951a2c08c42', 'Listen for feeling words and reflect them: "I hear frustration in your voice - tell me more about that feeling."', true, '2025-08-16 22:58:05.018834+00', 'b2f61b8d-66c9-4d79-8fcd-58fd3bb370e4'),
	('e56d24ae-1749-4bb7-ad4a-d278f4dac9a1', '33edb96e-c319-43f7-87a7-d7f9a1f7cd4f', 'When clients share something vulnerable, respond: "Thank you for trusting me with that. What feels most important about this for you right now?"', true, '2025-08-16 22:58:05.018834+00', 'b2f61b8d-66c9-4d79-8fcd-58fd3bb370e4'),
	('2fc859a0-df5d-4786-95c0-bf2a5f31d3f8', 'ed912333-a676-4236-918b-1a1671681cec', 'Ask: "What''s most important to you about how this unfolds?" to connect challenges with deeper values.', true, '2025-08-16 22:58:05.018834+00', 'b2f61b8d-66c9-4d79-8fcd-58fd3bb370e4'),
	('4e8a41aa-2975-48d3-9d97-d7bbd88b39f8', '6d9c63e0-e500-4743-abd6-9837d2fb3d46', 'Ask: "How might someone with a different background view this situation?" to invite new perspectives.', true, '2025-08-16 22:58:05.018834+00', 'b2f61b8d-66c9-4d79-8fcd-58fd3bb370e4'),
	('b08cf314-25f4-4c3a-b400-9efcaf81494b', 'fd73629e-7e5f-475b-964a-d5c1fb2c8886', 'Ask: "What would need to be true for you to feel completely confident in your approach?" instead of giving advice.', true, '2025-08-16 22:58:05.018834+00', 'b2f61b8d-66c9-4d79-8fcd-58fd3bb370e4'),
	('1931e731-52ba-4181-b2bb-0a9a004ced3a', '6efa01fa-1b42-43b6-b58f-984117b536a9', 'Share observations: "I noticed your energy shifted when we moved to this topic. What''s happening for you right now?"', true, '2025-08-16 22:58:05.018834+00', 'b2f61b8d-66c9-4d79-8fcd-58fd3bb370e4'),
	('e4f084bc-4862-4be0-9cc8-5bd51e091661', 'f6d3e012-3e60-4370-82d5-5765ed45ace2', 'After asking a powerful question, count to 10 before speaking. Let silence create space for their insights to emerge.', true, '2025-08-16 22:58:05.018834+00', 'b2f61b8d-66c9-4d79-8fcd-58fd3bb370e4'),
	('ac748bc7-cb1f-45e5-9ab8-315fc84e41a8', 'b230fd4d-6df5-431a-8280-76d426ab0af0', 'When you notice your attention wandering, take a breath and gently redirect your focus back to your client without judgment.', true, '2025-08-16 22:58:05.018834+00', 'b2f61b8d-66c9-4d79-8fcd-58fd3bb370e4'),
	('1a94bf00-4c24-4c41-aba5-96b70c158b61', '53e2ad65-7950-4e5c-bcf0-be365dfe54e0', 'Since you excel at reflecting emotions, use this skill to help clients identify and name feelings they haven''t fully recognized yet.', true, '2025-08-16 22:58:05.018834+00', '378c3fca-d674-469a-b8cd-45e818410a25'),
	('18a4d18e-b581-4697-a654-340a7a126bcc', '522760bd-db7e-482d-9743-a951a2c08c42', 'Your emotional sensitivity is a strength - use it to guide clients toward emotional breakthroughs and deeper self-awareness.', true, '2025-08-16 22:58:05.018834+00', '378c3fca-d674-469a-b8cd-45e818410a25'),
	('438a1c57-3d63-4460-8681-f1e5bc9981e4', '33edb96e-c319-43f7-87a7-d7f9a1f7cd4f', 'Your ability to create safety allows you to hold space for clients'' most vulnerable sharing. Use this to facilitate profound healing conversations.', true, '2025-08-16 22:58:05.018834+00', '378c3fca-d674-469a-b8cd-45e818410a25'),
	('c5c9cf04-310a-4715-9008-5b2b17b03993', 'ed912333-a676-4236-918b-1a1671681cec', 'Your values-based questioning is a superpower - use it to help clients make decisions that deeply align with who they are at their core.', true, '2025-08-16 22:58:05.018834+00', '378c3fca-d674-469a-b8cd-45e818410a25'),
	('0d788728-1a64-4fe3-a650-bdb9aa93158b', '6d9c63e0-e500-4743-abd6-9837d2fb3d46', 'Your skill at offering new perspectives helps clients break free from limiting viewpoints. Use this to create major mindset shifts.', true, '2025-08-16 22:58:05.018834+00', '378c3fca-d674-469a-b8cd-45e818410a25'),
	('78a05e39-d21c-4822-b70f-b120abc54d6f', 'fd73629e-7e5f-475b-964a-d5c1fb2c8886', 'Your empowering questions help clients access their inner wisdom. Use this strength to build their confidence in their own solutions.', true, '2025-08-16 22:58:05.018834+00', '378c3fca-d674-469a-b8cd-45e818410a25'),
	('82155d9e-44f7-4c99-b109-e22dec4b3037', '6efa01fa-1b42-43b6-b58f-984117b536a9', 'Your sensitivity to energy shifts allows you to identify breakthrough moments. Use this skill to guide clients to their most profound insights.', true, '2025-08-16 22:58:05.018834+00', '378c3fca-d674-469a-b8cd-45e818410a25'),
	('62c71838-b465-4003-aed9-b02b0107853d', 'f6d3e012-3e60-4370-82d5-5765ed45ace2', 'Your comfort with silence creates a powerful container for transformation. Use this strength to allow clients'' deepest wisdom to emerge.', true, '2025-08-16 22:58:05.018834+00', '378c3fca-d674-469a-b8cd-45e818410a25'),
	('010ed485-cfb1-424a-9933-acb5decc1333', 'b230fd4d-6df5-431a-8280-76d426ab0af0', 'Your present-moment awareness creates focused presence that clients can feel. Use this strength to model the awareness you want them to develop.', true, '2025-08-16 22:58:05.018834+00', '378c3fca-d674-469a-b8cd-45e818410a25');


--
-- Data for Name: tag_insights; Type: TABLE DATA; Schema: public; Owner: postgres
--

INSERT INTO "public"."tag_insights" ("id", "skill_tag_id", "insight_text", "created_at", "assessment_level_id", "analysis_type_id") VALUES
	('086440e1-1b75-4a30-bba9-9d1486fce212', '53e2ad65-7950-4e5c-bcf0-be365dfe54e0', 'Missing emotional undertones when reflecting back client sharing.', '2025-08-16 22:58:05.018834+00', '9f6e38cc-8f1b-4ab9-b019-a5f5be0c3132', 'b2f61b8d-66c9-4d79-8fcd-58fd3bb370e4'),
	('5cd2f815-d00d-4d31-a605-5c240c98f352', '522760bd-db7e-482d-9743-a951a2c08c42', 'Focusing only on factual content while missing the emotional dimensions of client sharing.', '2025-08-16 22:58:05.018834+00', '9f6e38cc-8f1b-4ab9-b019-a5f5be0c3132', 'b2f61b8d-66c9-4d79-8fcd-58fd3bb370e4'),
	('ef9a7a44-f734-450d-8e64-cc51d1cccb7d', '33edb96e-c319-43f7-87a7-d7f9a1f7cd4f', 'Struggling to respond appropriately when clients share vulnerable or sensitive information.', '2025-08-16 22:58:05.018834+00', '9f6e38cc-8f1b-4ab9-b019-a5f5be0c3132', 'b2f61b8d-66c9-4d79-8fcd-58fd3bb370e4'),
	('f4eb8ba5-2de9-4aa5-a073-3169f5cc2188', 'ed912333-a676-4236-918b-1a1671681cec', 'Missing opportunities to help clients connect their challenges with their deeper values and what matters most.', '2025-08-16 22:58:05.018834+00', '9f6e38cc-8f1b-4ab9-b019-a5f5be0c3132', 'b2f61b8d-66c9-4d79-8fcd-58fd3bb370e4'),
	('e0d02a9b-513d-4dd6-ac46-d1477f5f2058', '6d9c63e0-e500-4743-abd6-9837d2fb3d46', 'Not offering questions that help clients consider alternative viewpoints or reframe their challenges.', '2025-08-16 22:58:05.018834+00', '9f6e38cc-8f1b-4ab9-b019-a5f5be0c3132', 'b2f61b8d-66c9-4d79-8fcd-58fd3bb370e4'),
	('bf204d27-43a6-4634-a181-d3903848e6a9', 'fd73629e-7e5f-475b-964a-d5c1fb2c8886', 'Giving advice or solutions instead of empowering clients to access their own wisdom and capabilities.', '2025-08-16 22:58:05.018834+00', '9f6e38cc-8f1b-4ab9-b019-a5f5be0c3132', 'b2f61b8d-66c9-4d79-8fcd-58fd3bb370e4'),
	('7add7376-3b9d-4c1e-a110-df075bc08568', '6efa01fa-1b42-43b6-b58f-984117b536a9', 'Missing client energy shifts, body language changes, and other present-moment cues during sessions.', '2025-08-16 22:58:05.018834+00', '9f6e38cc-8f1b-4ab9-b019-a5f5be0c3132', 'b2f61b8d-66c9-4d79-8fcd-58fd3bb370e4'),
	('4e8a6b0a-150d-4531-9f4c-f9e6795e697d', 'f6d3e012-3e60-4370-82d5-5765ed45ace2', 'Rushing to fill silence instead of allowing clients the processing time they need for insights to emerge.', '2025-08-16 22:58:05.018834+00', '9f6e38cc-8f1b-4ab9-b019-a5f5be0c3132', 'b2f61b8d-66c9-4d79-8fcd-58fd3bb370e4'),
	('2beaeef9-5e43-4536-a1dc-85af7f40ec88', 'b230fd4d-6df5-431a-8280-76d426ab0af0', 'Mind wandering during sessions instead of maintaining present-moment awareness with your client.', '2025-08-16 22:58:05.018834+00', '9f6e38cc-8f1b-4ab9-b019-a5f5be0c3132', 'b2f61b8d-66c9-4d79-8fcd-58fd3bb370e4'),
	('cda808e2-699c-4fb1-b910-93b400fa6e87', '53e2ad65-7950-4e5c-bcf0-be365dfe54e0', 'Strong at reflecting both content and emotional undertones back to clients.', '2025-08-16 22:58:05.018834+00', '9f6e38cc-8f1b-4ab9-b019-a5f5be0c3132', '378c3fca-d674-469a-b8cd-45e818410a25'),
	('88ee553b-8069-41d4-bce9-e2979f3c3125', '522760bd-db7e-482d-9743-a951a2c08c42', 'Your sensitivity to emotional nuances helps clients develop greater emotional awareness and process feelings safely.', '2025-08-16 22:58:05.018834+00', '9f6e38cc-8f1b-4ab9-b019-a5f5be0c3132', '378c3fca-d674-469a-b8cd-45e818410a25'),
	('20e9e05f-80cb-41f0-afab-bd33525b6b9d', '33edb96e-c319-43f7-87a7-d7f9a1f7cd4f', 'Your skillful responses to vulnerability create psychological safety that allows clients to share authentically.', '2025-08-16 22:58:05.018834+00', '9f6e38cc-8f1b-4ab9-b019-a5f5be0c3132', '378c3fca-d674-469a-b8cd-45e818410a25'),
	('0a592e3e-ba3b-4fe1-86eb-9b0e0175e8d4', 'ed912333-a676-4236-918b-1a1671681cec', 'Your values-based questions help clients connect with their core values for authentic decision-making.', '2025-08-16 22:58:05.018834+00', '9f6e38cc-8f1b-4ab9-b019-a5f5be0c3132', '378c3fca-d674-469a-b8cd-45e818410a25'),
	('86e34274-1f7d-4c9b-9281-6d45f862db25', '6d9c63e0-e500-4743-abd6-9837d2fb3d46', 'Your questions skillfully invite clients to consider new perspectives and challenge limiting assumptions.', '2025-08-16 22:58:05.018834+00', '9f6e38cc-8f1b-4ab9-b019-a5f5be0c3132', '378c3fca-d674-469a-b8cd-45e818410a25'),
	('c3d11874-7270-4405-a70e-2fcd452dc0c1', 'fd73629e-7e5f-475b-964a-d5c1fb2c8886', 'Your empowering questions help clients access their own wisdom and feel confident in their solutions.', '2025-08-16 22:58:05.018834+00', '9f6e38cc-8f1b-4ab9-b019-a5f5be0c3132', '378c3fca-d674-469a-b8cd-45e818410a25'),
	('33b53c78-d61c-4cd3-9d03-f90e60418da8', '6efa01fa-1b42-43b6-b58f-984117b536a9', 'Your sensitivity to energy shifts helps you identify important moments and guide clients toward deeper awareness.', '2025-08-16 22:58:05.018834+00', '9f6e38cc-8f1b-4ab9-b019-a5f5be0c3132', '378c3fca-d674-469a-b8cd-45e818410a25'),
	('e7209740-ecb6-4832-b064-46d1b697ac2f', 'f6d3e012-3e60-4370-82d5-5765ed45ace2', 'Your comfort with silence creates space for clients to process deeply and access their most profound insights.', '2025-08-16 22:58:05.018834+00', '9f6e38cc-8f1b-4ab9-b019-a5f5be0c3132', '378c3fca-d674-469a-b8cd-45e818410a25'),
	('be481ccc-bfd3-4c02-a44f-244fc41bc696', 'b230fd4d-6df5-431a-8280-76d426ab0af0', 'Your ability to notice and redirect your attention creates a container of focused presence for your clients.', '2025-08-16 22:58:05.018834+00', '9f6e38cc-8f1b-4ab9-b019-a5f5be0c3132', '378c3fca-d674-469a-b8cd-45e818410a25');


--
-- Data for Name: user_assessment_attempts; Type: TABLE DATA; Schema: public; Owner: postgres
--

INSERT INTO "public"."user_assessment_attempts" ("id", "user_id", "assessment_id", "status", "score", "total_questions", "correct_answers", "time_spent", "started_at", "completed_at", "created_at", "updated_at", "enriched_data", "current_question_index", "last_activity_at") VALUES
	('736a5678-fbc3-4ae7-ab55-e04dbbc123b4', '6cde5e21-92c5-4388-8646-b527e8d68b7a', '00000000-0000-0000-0000-000000000001', 'completed', 73, 15, 11, 760, '2025-08-16 00:24:12.453675+00', '2025-08-16 00:36:50.903+00', '2025-08-16 00:24:12.453675+00', '2025-08-16 00:46:22.478735+00', '{"overall_stats": {"score": 73, "time_spent": 760, "assessment_slug": "", "completion_rate": 73, "correct_answers": 11, "total_questions": 15, "assessment_title": "CORE I - Fundamentals", "assessment_framework": "core", "assessment_difficulty": "Beginner"}, "assessment_framework": "core", "performance_analysis": {"weak_competency_areas": ["Active Listening"], "strong_competency_areas": ["Powerful Questions", "Present Moment Awareness"]}, "competency_performance": [{"total": 5, "correct": 4, "percentage": 80, "competency_area": "Powerful Questions"}, {"total": 4, "correct": 3, "percentage": 75, "competency_area": "Present Moment Awareness"}, {"total": 6, "correct": 4, "percentage": 67, "competency_area": "Active Listening"}]}', 15, '2025-08-16 00:34:47.893+00'),
	('f1797034-2a1e-4e50-903b-f63ca4c442f5', 'cbf00e2b-d6a5-42ce-97a0-b58c0c212293', '00000000-0000-0000-0000-000000000001', 'completed', 47, 15, 7, 54, '2025-08-16 23:07:48.687127+00', '2025-08-16 23:08:42.826+00', '2025-08-16 23:07:48.687127+00', '2025-08-17 22:19:09.338842+00', '{"overall_stats": {"score": 47, "time_spent": 54, "assessment_slug": "", "completion_rate": 47, "correct_answers": 7, "total_questions": 15, "assessment_title": "CORE I - Fundamentals", "assessment_framework": "core", "assessment_difficulty": "Beginner"}, "assessment_framework": "core", "performance_analysis": {"weak_competency_areas": ["Present Moment Awareness", "Powerful Questions"], "strong_competency_areas": ["Active Listening"]}, "competency_performance": [{"total": 5, "correct": 4, "percentage": 80, "competency_area": "Active Listening"}, {"total": 5, "correct": 3, "percentage": 60, "competency_area": "Powerful Questions"}, {"total": 5, "correct": 0, "percentage": 0, "competency_area": "Present Moment Awareness"}]}', 15, '2025-08-16 23:08:41.031+00'),
	('98fb8c71-27c5-49d2-9193-f51332d1a7b1', 'cbf00e2b-d6a5-42ce-97a0-b58c0c212293', '00000000-0000-0000-0000-000000000001', 'completed', 53, 15, 8, 19, '2025-08-17 12:20:31.829381+00', '2025-08-17 12:20:48.062+00', '2025-08-17 12:20:31.829381+00', '2025-08-23 23:22:53.723434+00', '{"overall_stats": {"score": 53, "time_spent": 19, "assessment_slug": "", "completion_rate": 53, "correct_answers": 8, "total_questions": 15, "assessment_title": "CORE I - Fundamentals", "assessment_framework": "core", "assessment_difficulty": "Beginner"}, "assessment_framework": "core", "performance_analysis": {"weak_competency_areas": ["Present Moment Awareness", "Active Listening", "Powerful Questions"], "strong_competency_areas": []}, "competency_performance": [{"total": 5, "correct": 3, "percentage": 60, "competency_area": "Active Listening"}, {"total": 5, "correct": 3, "percentage": 60, "competency_area": "Powerful Questions"}, {"total": 5, "correct": 2, "percentage": 40, "competency_area": "Present Moment Awareness"}]}', 15, '2025-08-17 12:20:46.847+00');


--
-- Data for Name: user_question_responses; Type: TABLE DATA; Schema: public; Owner: postgres
--

INSERT INTO "public"."user_question_responses" ("id", "attempt_id", "question_id", "selected_answer", "is_correct", "time_spent", "created_at", "updated_at", "selected_answer_option_id") VALUES
	('6e6f40c7-dfd7-4c09-8bdb-da3dbe3f404b', 'f1797034-2a1e-4e50-903b-f63ca4c442f5', '7acf6831-986a-4471-aa54-fa83c06b5d59', 'A', false, 23, '2025-08-16 23:08:11.997216+00', '2025-08-16 23:08:11.997216+00', 1),
	('e39016b0-7026-4cc7-aa8e-d41442669983', 'f1797034-2a1e-4e50-903b-f63ca4c442f5', '6d14f5d4-ec22-41ca-9aee-6c8e40e67f96', 'B', true, 2, '2025-08-16 23:08:13.864164+00', '2025-08-16 23:08:13.864164+00', 2),
	('5192953f-c210-4886-a05e-689ef3b982bc', 'f1797034-2a1e-4e50-903b-f63ca4c442f5', 'ad779202-a389-45f4-842b-fa2dc0ada0fb', 'C', true, 4, '2025-08-16 23:08:17.660138+00', '2025-08-16 23:08:17.660138+00', 3),
	('043300fc-ffee-4506-bc20-aacd70b6f670', 'f1797034-2a1e-4e50-903b-f63ca4c442f5', '688a9956-fc27-4ccc-9d54-e248980fbd86', 'A', true, 2, '2025-08-16 23:08:19.686272+00', '2025-08-16 23:08:19.686272+00', 1),
	('e93ab21e-1ad3-4966-9707-f25381d1b2b6', 'f1797034-2a1e-4e50-903b-f63ca4c442f5', '1d3b1444-0fc6-4c3a-9b19-39d2fd7ae9b6', 'B', true, 2, '2025-08-16 23:08:21.782305+00', '2025-08-16 23:08:21.782305+00', 2),
	('c7628cc9-44be-4cba-937f-c9c8432ad122', 'f1797034-2a1e-4e50-903b-f63ca4c442f5', '176d3db6-3346-4231-b6bb-7b1e380af427', 'D', true, 3, '2025-08-16 23:08:24.570934+00', '2025-08-16 23:08:24.570934+00', 4),
	('25a0674a-aca2-45b9-b1b9-ec3c18205704', 'f1797034-2a1e-4e50-903b-f63ca4c442f5', '39e6dbed-3b62-4412-98aa-d083c48e4bc1', 'B', true, 2, '2025-08-16 23:08:26.203492+00', '2025-08-16 23:08:26.203492+00', 2),
	('2376346b-8588-4c7d-bf28-321128ad0c42', 'f1797034-2a1e-4e50-903b-f63ca4c442f5', 'dfd4cd06-0196-4849-9591-46f9ad3b3496', 'C', true, 4, '2025-08-16 23:08:29.960578+00', '2025-08-16 23:08:29.960578+00', 3),
	('65d8bf52-3ba9-4b6c-8617-645585193775', 'f1797034-2a1e-4e50-903b-f63ca4c442f5', '83b04379-224e-495e-a844-3ef7332da303', 'B', false, 2, '2025-08-16 23:08:32.310366+00', '2025-08-16 23:08:32.310366+00', 2),
	('2c6b3e10-2236-49bc-9337-376ce8386238', 'f1797034-2a1e-4e50-903b-f63ca4c442f5', '602b66c5-7d56-457e-809e-f32532f214ba', 'B', false, 1, '2025-08-16 23:08:33.724712+00', '2025-08-16 23:08:33.724712+00', 2),
	('ca055fe3-e738-4ff5-81a5-efc16c27fc3b', 'f1797034-2a1e-4e50-903b-f63ca4c442f5', '95510e8f-abcf-43a9-9872-6bbb93ea58b1', 'D', false, 2, '2025-08-16 23:08:36.001198+00', '2025-08-16 23:08:36.001198+00', 4),
	('59622ff5-79ea-4487-a173-84be4f95d1fd', 'f1797034-2a1e-4e50-903b-f63ca4c442f5', 'f7f6958c-68db-4bdd-95cf-53a42edf3884', 'A', false, 2, '2025-08-16 23:08:37.59804+00', '2025-08-16 23:08:37.59804+00', 1),
	('b057c655-5282-453b-9af6-a7f01caf8043', 'f1797034-2a1e-4e50-903b-f63ca4c442f5', '9daed53c-4f88-45ff-9730-41d0bbfb6eca', 'C', false, 2, '2025-08-16 23:08:39.919696+00', '2025-08-16 23:08:39.919696+00', 3),
	('41a80531-fc1e-4cf0-9973-f4fdcb3e0831', 'f1797034-2a1e-4e50-903b-f63ca4c442f5', '3efc7912-9972-47cc-9c3f-97e6c7a77102', 'B', false, 1, '2025-08-16 23:08:41.075154+00', '2025-08-16 23:08:41.075154+00', 2),
	('b0c9dafb-7af0-4ea6-8ff6-35cabbbd3a74', 'f1797034-2a1e-4e50-903b-f63ca4c442f5', '9b81e22a-49f4-4390-b978-11efaaa50751', 'B', false, 2, '2025-08-16 23:08:42.869954+00', '2025-08-16 23:08:42.869954+00', 2),
	('f82e8ed6-d647-4a6c-a542-d8148497dfab', '98fb8c71-27c5-49d2-9193-f51332d1a7b1', '7acf6831-986a-4471-aa54-fa83c06b5d59', 'C', false, 2, '2025-08-17 12:20:33.962891+00', '2025-08-17 12:20:33.962891+00', 3),
	('1d806865-519a-4d62-b511-db3fc7fe8b64', '98fb8c71-27c5-49d2-9193-f51332d1a7b1', '6d14f5d4-ec22-41ca-9aee-6c8e40e67f96', 'B', true, 1, '2025-08-17 12:20:35.146802+00', '2025-08-17 12:20:35.146802+00', 2),
	('e9305973-c8d4-4ae8-b33e-ff0c9b13707a', '98fb8c71-27c5-49d2-9193-f51332d1a7b1', 'ad779202-a389-45f4-842b-fa2dc0ada0fb', 'C', true, 1, '2025-08-17 12:20:36.266848+00', '2025-08-17 12:20:36.266848+00', 3),
	('7d2cd7a4-a84c-436d-aee0-a667b7fd2c75', '98fb8c71-27c5-49d2-9193-f51332d1a7b1', '688a9956-fc27-4ccc-9d54-e248980fbd86', 'B', false, 1, '2025-08-17 12:20:37.566897+00', '2025-08-17 12:20:37.566897+00', 2),
	('f7f81a81-300d-4946-93ae-424b79deea5b', '98fb8c71-27c5-49d2-9193-f51332d1a7b1', '1d3b1444-0fc6-4c3a-9b19-39d2fd7ae9b6', 'B', true, 1, '2025-08-17 12:20:38.922901+00', '2025-08-17 12:20:38.922901+00', 2),
	('cb0cd051-ad90-4ed3-bac1-8d904751e6ec', '98fb8c71-27c5-49d2-9193-f51332d1a7b1', '176d3db6-3346-4231-b6bb-7b1e380af427', 'B', false, 1, '2025-08-17 12:20:40.050123+00', '2025-08-17 12:20:40.050123+00', 2),
	('66294e60-0b47-40cb-87ee-a93790b03ea5', '98fb8c71-27c5-49d2-9193-f51332d1a7b1', '39e6dbed-3b62-4412-98aa-d083c48e4bc1', 'B', true, 1, '2025-08-17 12:20:41.228119+00', '2025-08-17 12:20:41.228119+00', 2),
	('a59580de-4e40-4cca-a461-0f99e536888e', '98fb8c71-27c5-49d2-9193-f51332d1a7b1', 'dfd4cd06-0196-4849-9591-46f9ad3b3496', 'C', true, 1, '2025-08-17 12:20:42.494481+00', '2025-08-17 12:20:42.494481+00', 3),
	('bc720452-4a32-4efe-993a-4c1d39a56e06', '98fb8c71-27c5-49d2-9193-f51332d1a7b1', '83b04379-224e-495e-a844-3ef7332da303', 'A', true, 1, '2025-08-17 12:20:43.677196+00', '2025-08-17 12:20:43.677196+00', 1),
	('4c9ba967-40c2-412a-99ca-924b9c336f9f', '98fb8c71-27c5-49d2-9193-f51332d1a7b1', '602b66c5-7d56-457e-809e-f32532f214ba', 'C', false, 1, '2025-08-17 12:20:44.661526+00', '2025-08-17 12:20:44.661526+00', 3),
	('f0379173-5a71-4bb3-971f-cb6216dbcd46', '98fb8c71-27c5-49d2-9193-f51332d1a7b1', '95510e8f-abcf-43a9-9872-6bbb93ea58b1', 'B', true, 1, '2025-08-17 12:20:45.770014+00', '2025-08-17 12:20:45.770014+00', 2),
	('e6ad9152-ccd1-4165-9a29-24b578e0ca87', '98fb8c71-27c5-49d2-9193-f51332d1a7b1', 'f7f6958c-68db-4bdd-95cf-53a42edf3884', 'C', true, 1, '2025-08-17 12:20:46.740266+00', '2025-08-17 12:20:46.740266+00', 3),
	('25d682df-92fe-4edb-8138-996d4c072746', '98fb8c71-27c5-49d2-9193-f51332d1a7b1', '9daed53c-4f88-45ff-9730-41d0bbfb6eca', 'A', false, 1, '2025-08-17 12:20:48.148525+00', '2025-08-17 12:20:48.148525+00', 1),
	('5b804e70-2327-452e-9494-b1dd693f940c', '98fb8c71-27c5-49d2-9193-f51332d1a7b1', '3efc7912-9972-47cc-9c3f-97e6c7a77102', 'B', false, 1, '2025-08-17 12:20:49.355292+00', '2025-08-17 12:20:49.355292+00', 2),
	('a7d92efc-bf97-4a0d-9f9e-e3ee044a0580', '98fb8c71-27c5-49d2-9193-f51332d1a7b1', '9b81e22a-49f4-4390-b978-11efaaa50751', 'C', false, 1, '2025-08-17 12:20:50.571464+00', '2025-08-17 12:20:50.571464+00', 3);


--
-- Data for Name: workbook_field_definitions; Type: TABLE DATA; Schema: public; Owner: postgres
--

INSERT INTO "public"."workbook_field_definitions" ("id", "section_number", "field_key", "field_label", "field_type", "placeholder_text", "instructions", "is_required", "sort_order", "created_at") VALUES
	('5dcd3de4-07f9-41f6-88fc-98a4bb9fea45', 1, 'dinner_party_answer', 'The Dinner Party Test', 'textarea', 'Write your answer here, or record a 60-second voice memo on your phone and play it back. Did anything surprise you?', 'Imagine: You''re at a dinner party. Someone asks, "So, what do you do?"', true, 1, '2025-08-17 20:35:56.265143+00'),
	('589ac95a-b486-4f5f-b8f6-7e0eef477d23', 1, 'skills_brainstorm', 'My skills (apart from coaching)', 'list', 'Add a skill...', 'Set a timer for 2 minutes. List as many skills as you can - don''t overthink!', true, 2, '2025-08-17 20:35:56.265143+00'),
	('0796fa42-a572-4ac2-a528-295f5c0e950a', 1, 'friend_feedback', 'What do you think I''m best at? (Ask a friend)', 'text', 'Their answer...', 'Ask a friend: "What do you think I''m best at?"', true, 3, '2025-08-17 20:35:56.265143+00'),
	('3d420965-3fc4-4002-8b9f-22ab196066e1', 1, 'experience_inventory', 'Specific life or work experiences to bring into coaching', 'list', 'Add an experience...', 'What specific life or work experiences do you want to bring into your coaching?', true, 4, '2025-08-17 20:35:56.265143+00'),
	('7e7b0ea9-e2d9-4a8a-9c2f-a4feb95ea181', 2, 'awards_qualifications', 'Awards & Qualifications', 'list', 'Add an award or qualification...', 'Any relevant awards, certifications, or training?', true, 1, '2025-08-17 20:36:27.79693+00'),
	('34a8f826-f508-4200-8fe2-8d9cd54a825d', 2, 'what_fires_you_up', 'What Fires You Up?', 'textarea', 'Write your thoughts...', 'What causes or social missions excite you? Are you supporting any charities, or want to? Who inspires you most?', true, 2, '2025-08-17 20:36:27.79693+00'),
	('8a9f41bb-71b1-494b-9b39-b64e0fe0089f', 2, 'future_self_letter', 'Letter to Future Self', 'textarea', 'Start your letter...', 'Write a letter to your future self: "I''m proud of the impact I made on ______."', true, 3, '2025-08-17 20:36:27.79693+00'),
	('3dc04c43-9bd9-4c1a-9744-454bdebcf05d', 2, 'section1_reflection', 'Reflection Space', 'textarea', 'Reflect here...', 'What did you discover about yourself in this section? How could this shape your brand or coaching style?', true, 4, '2025-08-17 20:36:27.79693+00'),
	('255c7604-2ed3-40b8-8238-1fab662967ac', 3, 'ideal_client_description', 'Describe Your Ideal Client', 'textarea', 'Describe them here...', 'Imagine your ideal client is sitting across from you. What do they look like? What are they worried about? What''s their "secret" struggle?', true, 1, '2025-08-17 20:36:27.79693+00'),
	('05a5efc0-1e3d-4ec2-8207-026767a1bb16', 3, 'avatar_sketch', 'Avatar Sketch', 'textarea', 'Draw or describe here...', 'Draw your ideal client (stick figures welcome!). What''s in their bag? What''s on their mind?', true, 2, '2025-08-17 20:36:27.79693+00'),
	('3c4a4be0-3963-40bc-9cea-4a756f93bc26', 3, 'peer_review_feedback', 'Peer Review Feedback', 'textarea', 'Peer feedback...', 'Share your description with a peer. Ask: "Does this sound real? What''s missing?"', true, 3, '2025-08-17 20:36:27.79693+00'),
	('58e38e1e-1f95-4a58-801b-13990cf60b51', 3, 'self_check_quiz', 'Self-Check Quiz Answers', 'textarea', 'Your answers...', '1. True or False: Your ideal client can be "anyone who needs help." 2. Which is a better pain point? - Wants to be happier OR - Feels lost after a career change', true, 4, '2025-08-17 20:36:27.79693+00'),
	('c16170d8-09fd-4665-b5c8-610851b0ec7c', 4, 'brand_identity', 'Brand Identity', 'textarea', 'Write your thoughts...', 'Who do you want to be seen as? Will you use your own name or a company? Try a "tag": "Hi, I''m [Name] and I''m the [Something] Coach."', true, 1, '2025-08-17 20:36:27.79693+00'),
	('da0df6fd-00a5-4277-8776-4a8320990d6a', 4, 'tagline_brainstorm', 'Tagline Brainstorm', 'list', 'Add a tagline...', 'Set a timer for 3 minutes. Write as many silly, serious, or strange taglines as you can.', true, 2, '2025-08-17 20:36:27.79693+00'),
	('1f8c6c5a-56e6-4013-9b3e-29503ee3331b', 4, 'mission_statement', 'Mission Statement', 'textarea', 'Draft your mission...', 'Think big. What do you want to achieve for the world or with your life?', true, 3, '2025-08-17 20:37:03.479882+00'),
	('869c9241-1473-4637-a237-6b4111646e5a', 4, 'brand_reflection', 'Brand Reflection', 'textarea', 'Reflect here...', 'What did you learn about your brand identity? How does it feel?', true, 5, '2025-08-17 20:37:03.479882+00'),
	('e663839f-6bd4-4fd7-b335-b2ebaef8cbca', 5, 'visual_avatar_ideas', 'Visual Avatar Ideas', 'textarea', 'Ideas...', 'What image or symbol could represent your brand? Is it personal and relevant?', true, 1, '2025-08-17 20:37:03.479882+00'),
	('f67f91ee-11d3-482a-a2be-8a4399ebf838', 5, 'research_notes', 'Research Notes', 'textarea', 'Notes...', 'Find 3 coaching websites. What images do they use? What stands out?', true, 2, '2025-08-17 20:37:03.479882+00'),
	('c0eaaca6-d55d-4fa0-9931-92bf16912a92', 6, 'session_based_pros_cons', 'Session-Based Pros/Cons', 'textarea', 'Pros: ____  Cons: ____', 'List pros and cons for session-based coaching.', true, 1, '2025-08-17 20:37:03.479882+00'),
	('6aa91f76-e89e-48c0-8571-d9bdd6801374', 6, 'program_based_pros_cons', 'Program-Based Pros/Cons', 'textarea', 'Pros: ____  Cons: ____', 'List pros and cons for program-based coaching.', true, 2, '2025-08-17 20:37:03.479882+00'),
	('3ce34ec8-adda-42dd-8a23-95f97c9854d6', 6, 'unique_program_ideas', 'Unique Program Ideas', 'textarea', 'Ideas...', 'What can you offer that''s different from everyone else? What unique experience can you create?', true, 3, '2025-08-17 20:37:03.479882+00'),
	('81838112-55b0-4154-9b93-b4318bcc7a49', 6, 'love_doing_activities', 'Activities You Love', 'list', 'Add an activity...', 'List 3 things you love doing that could become part of your program.', true, 4, '2025-08-17 20:37:03.479882+00'),
	('84f370c7-b103-4640-a11c-9cb35f239bca', 7, 'funnel_mapping', 'Funnel Mapping', 'textarea', 'Map your funnel...', 'Work backwards from your ideal client. What will you offer them? What''s your freemium product? What''s your warm-up product?', true, 1, '2025-08-17 20:37:03.479882+00'),
	('997ee553-6a37-406f-a9ba-63c4813b1175', 7, 'freemium_pitch', 'Freemium Product Pitch', 'textarea', 'Pitch: ____  Feedback: ____', 'Write a one-sentence pitch for your freemium product. Share it with a friend. What''s their reaction?', true, 2, '2025-08-17 20:37:03.479882+00'),
	('5e52220b-ccbd-49db-adb2-88f4e83f4554', 8, 'website_actions', 'Website Actions', 'list', 'Add an action...', 'List five actions you''ll take to sharpen your website.', true, 1, '2025-08-17 20:37:03.479882+00'),
	('0975f876-a5c1-4a3b-9e9b-5556baee3027', 8, 'testimonial_email', 'Testimonial Email Draft', 'textarea', 'Email draft...', 'Draft an email asking a past client for a testimonial.', true, 2, '2025-08-17 20:37:03.479882+00'),
	('3c6ff74d-ae3f-4d5f-8f6d-e86dd4f4f1f5', 8, 'google_my_business', 'Google My Business Setup', 'textarea', 'Step: ____', 'Have you set it up? If not, what''s your first step?', true, 3, '2025-08-17 20:37:03.479882+00'),
	('681cbf48-0d87-4428-bd71-1b74955cfc11', 9, 'social_media_plan', 'Social Media Plan', 'textarea', 'Platforms & ideas...', 'Where does your ideal client hang out online? What kind of posts get the most engagement?', true, 1, '2025-08-17 20:37:03.479882+00'),
	('bc6e67ff-2992-4dd3-b168-76babd761fe9', 9, 'networking_notes', 'Networking & Engagement Notes', 'textarea', 'Notes...', 'Post a question on your chosen platform. Did anyone respond? Attend a networking event. What did you learn?', true, 2, '2025-08-17 20:37:03.479882+00'),
	('91a77ccb-8e1a-4bfe-a29e-9266987af4c9', 4, 'values_list', 'My Values', 'list', 'Add a value...', 'List 3-5 core values that are sacred to you as a coach.', true, 4, '2025-08-17 20:37:03.479882+00');


--
-- Data for Name: workbook_progress; Type: TABLE DATA; Schema: public; Owner: postgres
--

INSERT INTO "public"."workbook_progress" ("id", "user_id", "started_at", "last_updated", "completed_at", "is_active", "added_to_profile", "title", "created_at") VALUES
	('64e318fd-5cf4-4ebf-aa27-ff6a9c50894c', 'cbf00e2b-d6a5-42ce-97a0-b58c0c212293', '2025-08-17 19:29:55.89626+00', '2025-08-18 07:11:54.024834+00', '2025-08-17 22:07:08.167+00', true, false, 'Kickstart Coaching Workbook', '2025-08-17 19:29:55.89626+00');


--
-- Data for Name: workbook_responses; Type: TABLE DATA; Schema: public; Owner: postgres
--

INSERT INTO "public"."workbook_responses" ("id", "workbook_id", "section_number", "field_key", "field_value", "field_type", "created_at", "updated_at") VALUES
	('071dc6f2-e245-40af-9c33-0c9709e26596', '64e318fd-5cf4-4ebf-aa27-ff6a9c50894c', 4, 'quickstart_checklist_4', '{"items": [true]}', 'list', '2025-08-17 21:29:34.532643+00', '2025-08-17 21:29:36.05016+00'),
	('fab73f53-f5af-4c8a-a6b0-56665dfc4b09', '64e318fd-5cf4-4ebf-aa27-ff6a9c50894c', 2, 'quickstart_checklist_2', '{"items": [true]}', 'list', '2025-08-17 21:29:47.791447+00', '2025-08-17 21:29:47.791447+00'),
	('a791b632-a234-4ae9-b4bc-d32eebcd39f7', '64e318fd-5cf4-4ebf-aa27-ff6a9c50894c', 2, 'what_fires_you_up', '{"value": "wrwqrqw"}', 'textarea', '2025-08-17 21:44:03.923187+00', '2025-08-17 21:44:03.923187+00'),
	('30137f74-5697-4117-8d63-a417b97452c9', '64e318fd-5cf4-4ebf-aa27-ff6a9c50894c', 2, 'future_self_letter', '{"value": "wrqwrwq"}', 'textarea', '2025-08-17 21:44:05.223348+00', '2025-08-17 21:44:05.223348+00'),
	('3241ebfc-0518-43c8-9d07-9a5b1a4591ab', '64e318fd-5cf4-4ebf-aa27-ff6a9c50894c', 2, 'section1_reflection', '{"value": "wrqwrwq"}', 'textarea', '2025-08-17 21:44:07.017067+00', '2025-08-17 21:44:07.017067+00'),
	('4cfae9cb-8786-41f9-87f0-43de65de7538', '64e318fd-5cf4-4ebf-aa27-ff6a9c50894c', 3, 'peer_review_feedback', '{"value": "wrqwrqr"}', 'textarea', '2025-08-17 21:44:17.846986+00', '2025-08-17 21:44:17.846986+00'),
	('f9e01d33-aa90-4b84-a8d3-71f4477b9ebe', '64e318fd-5cf4-4ebf-aa27-ff6a9c50894c', 3, 'self_check_quiz', '{"value": "qwrqwrwq"}', 'textarea', '2025-08-17 21:44:19.299391+00', '2025-08-17 21:44:19.299391+00'),
	('94302d26-96dd-4e06-8050-e6debd10a031', '64e318fd-5cf4-4ebf-aa27-ff6a9c50894c', 4, 'tagline_brainstorm', '{"items": ["qwrqwrqw"]}', 'list', '2025-08-17 21:44:25.689694+00', '2025-08-17 21:44:25.689694+00'),
	('30433644-a635-460e-852a-b7bc6693dbbf', '64e318fd-5cf4-4ebf-aa27-ff6a9c50894c', 4, 'mission_statement', '{"value": "wrqwrqwrq"}', 'textarea', '2025-08-17 21:44:28.39489+00', '2025-08-17 21:44:28.39489+00'),
	('321504d2-a1df-49a7-9165-797831ce8e84', '64e318fd-5cf4-4ebf-aa27-ff6a9c50894c', 4, 'values_list', '{"items": ["qrqwrqrq"]}', 'list', '2025-08-17 21:44:29.859357+00', '2025-08-17 21:44:29.859357+00'),
	('71754251-a0a7-4b85-b919-d0e218bcd5e4', '64e318fd-5cf4-4ebf-aa27-ff6a9c50894c', 4, 'brand_reflection', '{"value": "wrqrqrqqw"}', 'textarea', '2025-08-17 21:44:33.781815+00', '2025-08-17 21:44:33.781815+00'),
	('a9dabe19-a5fd-4dc8-909e-42d1e856eec3', '64e318fd-5cf4-4ebf-aa27-ff6a9c50894c', 5, 'research_notes', '{"value": "qrqrqwrqw"}', 'textarea', '2025-08-17 21:44:42.421468+00', '2025-08-17 21:44:42.421468+00'),
	('e04bd642-ea17-485c-a56d-50e3db84336f', '64e318fd-5cf4-4ebf-aa27-ff6a9c50894c', 6, 'session_based_pros_cons', '{"value": "wrqrqrqw"}', 'textarea', '2025-08-17 21:44:54.70869+00', '2025-08-17 21:44:54.70869+00'),
	('35e339b8-b613-4696-a8a8-9e74a45fc41a', '64e318fd-5cf4-4ebf-aa27-ff6a9c50894c', 6, 'program_based_pros_cons', '{"value": "wqrqwrqwrq"}', 'textarea', '2025-08-17 21:44:56.855502+00', '2025-08-17 21:44:56.855502+00'),
	('24b90fb4-4505-4e7e-978c-270f50415dba', '64e318fd-5cf4-4ebf-aa27-ff6a9c50894c', 6, 'unique_program_ideas', '{"value": "qwrqwrqqw"}', 'textarea', '2025-08-17 21:44:58.480501+00', '2025-08-17 21:44:58.480501+00'),
	('dd4c5813-a4e5-4c87-9625-e9ccd2cd6211', '64e318fd-5cf4-4ebf-aa27-ff6a9c50894c', 4, 'brand_identity', '{"value": "wrqwrwqrqwf"}', 'textarea', '2025-08-17 21:44:24.618148+00', '2025-08-17 22:06:44.122433+00'),
	('9d29e60e-27c7-4fb2-84ab-1c179334bf67', '64e318fd-5cf4-4ebf-aa27-ff6a9c50894c', 7, 'freemium_pitch', '{"value": "qwrqwrqwrqwf"}', 'textarea', '2025-08-17 21:45:18.413803+00', '2025-08-17 22:06:47.236622+00'),
	('dd1583a1-92c3-435d-9fcd-89f5e4669a97', '64e318fd-5cf4-4ebf-aa27-ff6a9c50894c', 7, 'funnel_mapping', '{"value": "rqwrqwrqw"}', 'textarea', '2025-08-17 21:45:20.96494+00', '2025-08-17 21:45:20.96494+00'),
	('977fad71-2d26-4a5c-ba35-30a8f8ce30b7', '64e318fd-5cf4-4ebf-aa27-ff6a9c50894c', 8, 'testimonial_email', '{"value": "qwrqwrqwrqwf"}', 'textarea', '2025-08-17 21:45:37.724039+00', '2025-08-17 22:06:51.747389+00'),
	('d0165f1b-1f7d-480f-8c01-0f89abccb409', '64e318fd-5cf4-4ebf-aa27-ff6a9c50894c', 8, 'website_actions', '{"items": ["wrqrqw", "wqrqwrqw", "qrqwrqw"]}', 'list', '2025-08-17 21:45:32.508372+00', '2025-08-17 21:45:35.815075+00'),
	('4de355ea-0daf-4f84-b87e-d405a1a2877c', '64e318fd-5cf4-4ebf-aa27-ff6a9c50894c', 8, 'google_my_business', '{"value": "qwrwqrqwrwq"}', 'textarea', '2025-08-17 21:45:39.192574+00', '2025-08-17 21:45:39.192574+00'),
	('ac3f73ec-f862-434e-bb77-9a70f691da13', '64e318fd-5cf4-4ebf-aa27-ff6a9c50894c', 9, 'networking_notes', '{"value": "wrqrqrqrqg"}', 'textarea', '2025-08-17 21:45:45.506577+00', '2025-08-17 22:06:55.437331+00'),
	('3298d26f-6e22-4bb0-a718-2fe1b3df690e', '64e318fd-5cf4-4ebf-aa27-ff6a9c50894c', 2, 'awards_qualifications', '{"items": ["wwqwr"]}', 'list', '2025-08-17 21:44:01.923025+00', '2025-08-17 22:05:17.031819+00'),
	('8be7cd38-2841-4797-a26f-33eff272ca72', '64e318fd-5cf4-4ebf-aa27-ff6a9c50894c', 9, 'social_media_plan', '{"value": "wrqwrqrqfd"}', 'textarea', '2025-08-17 21:45:44.034999+00', '2025-08-17 22:06:56.597575+00'),
	('6d5ac71a-d663-48fe-b816-602e4fb15e08', '64e318fd-5cf4-4ebf-aa27-ff6a9c50894c', 6, 'love_doing_activities', '{"items": ["qrqwrqwrqwrq", "qrqwrqrqw"]}', 'list', '2025-08-17 21:45:00.580436+00', '2025-08-17 22:05:32.682872+00'),
	('38293ff2-f791-40f4-afdb-5429a1925b6e', '64e318fd-5cf4-4ebf-aa27-ff6a9c50894c', 1, 'skills_brainstorm', '{"items": ["wwqrqwr"]}', 'list', '2025-08-17 21:43:37.047144+00', '2025-08-17 22:05:51.897018+00'),
	('cc0d7e76-0047-47ac-afe5-3a82c0b8df20', '64e318fd-5cf4-4ebf-aa27-ff6a9c50894c', 1, 'experience_inventory', '{"items": ["wqrqwrqwdt"]}', 'list', '2025-08-17 21:43:40.526722+00', '2025-08-17 22:11:30.099438+00'),
	('a9abf8f0-38cb-4179-9d89-9b5555ad3ce4', '64e318fd-5cf4-4ebf-aa27-ff6a9c50894c', 3, 'ideal_client_description', '{"value": "QF"}', 'textarea', '2025-08-17 22:06:13.266025+00', '2025-08-17 22:06:22.945283+00'),
	('ec85204a-f5a4-4866-a402-1ed226c37191', '64e318fd-5cf4-4ebf-aa27-ff6a9c50894c', 3, 'avatar_sketch', '{"value": "qrqrqwryhj"}', 'textarea', '2025-08-17 21:44:15.495746+00', '2025-08-17 22:06:27.201923+00'),
	('3c3156fe-f44d-466d-bd94-1afd4c268eb2', '64e318fd-5cf4-4ebf-aa27-ff6a9c50894c', 5, 'visual_avatar_ideas', '{"value": "wrqwrqwrqf"}', 'textarea', '2025-08-17 21:44:46.682626+00', '2025-08-17 22:06:40.868942+00'),
	('f968c70b-4e95-42c2-ac2a-54f6dc454fa4', '64e318fd-5cf4-4ebf-aa27-ff6a9c50894c', 1, 'dinner_party_answer', '{"value": "fwefwfwbffhdjj"}', 'textarea', '2025-08-17 21:43:35.694384+00', '2025-08-17 22:11:43.477355+00'),
	('30b6d81d-efc4-4292-900c-a75c811dd0a3', '64e318fd-5cf4-4ebf-aa27-ff6a9c50894c', 7, 'quickstart_checklist_7', '{"items": [true]}', 'list', '2025-08-17 22:18:38.322066+00', '2025-08-17 22:18:38.322066+00'),
	('1fffea7f-fb4c-41ea-a0ee-2696e0bc1df7', '64e318fd-5cf4-4ebf-aa27-ff6a9c50894c', 1, 'friend_feedback', '{"value": "sseeew"}', 'text', '2025-08-17 21:43:38.904103+00', '2025-08-17 23:23:44.698403+00');


--
-- Data for Name: workbook_sections; Type: TABLE DATA; Schema: public; Owner: postgres
--

INSERT INTO "public"."workbook_sections" ("id", "workbook_id", "section_number", "section_title", "started_at", "completed_at", "progress_percent", "last_updated") VALUES
	('6990d841-5feb-461b-976f-8546e6cfbad6', '64e318fd-5cf4-4ebf-aa27-ff6a9c50894c', 9, 'Social Media & Networking', '2025-08-17 19:29:55.89626+00', '2025-08-17 22:06:56.094463+00', 100, '2025-08-17 22:06:56.094463+00'),
	('15b00a86-d083-4437-9daf-2336c2f8402b', '64e318fd-5cf4-4ebf-aa27-ff6a9c50894c', 3, 'Your Ideal Client', '2025-08-17 19:29:55.89626+00', '2025-08-17 22:06:26.700202+00', 100, '2025-08-17 22:06:26.700202+00'),
	('0dc09ce1-91cc-4859-9436-f274a37f800f', '64e318fd-5cf4-4ebf-aa27-ff6a9c50894c', 7, 'Freemium Product Funnel', '2025-08-17 19:29:55.89626+00', '2025-08-17 22:18:38.425561+00', 100, '2025-08-17 22:18:38.425561+00'),
	('378eb16d-3b8a-4787-a58a-8d5e24bc444f', '64e318fd-5cf4-4ebf-aa27-ff6a9c50894c', 5, 'Creating Your Avatar', '2025-08-17 19:29:55.89626+00', '2025-08-17 22:06:40.351033+00', 100, '2025-08-17 22:06:40.351033+00'),
	('1abcc86e-6bbd-47f8-9bbb-3ac8bd27ac3a', '64e318fd-5cf4-4ebf-aa27-ff6a9c50894c', 2, 'What''s So Special About YOU? (Part B)', '2025-08-17 19:29:55.89626+00', '2025-08-17 22:05:16.537862+00', 100, '2025-08-17 22:05:16.537862+00'),
	('4a5b33b2-9b65-469c-86e5-a4e4d70492ac', '64e318fd-5cf4-4ebf-aa27-ff6a9c50894c', 4, 'Creating Your Stand-Out Brand', '2025-08-17 19:29:55.89626+00', '2025-08-17 22:06:43.624243+00', 100, '2025-08-17 22:06:43.624243+00'),
	('1f7af4d3-5cda-4f9c-88b7-144e021cd7c0', '64e318fd-5cf4-4ebf-aa27-ff6a9c50894c', 6, 'Product  Price  Value', '2025-08-17 19:29:55.89626+00', '2025-08-17 22:05:32.153871+00', 100, '2025-08-17 22:05:32.153871+00'),
	('35d645ab-ef33-43e7-b6d9-6759e07e9efa', '64e318fd-5cf4-4ebf-aa27-ff6a9c50894c', 1, 'What''s So Special About YOU? (Part A)', '2025-08-17 19:29:55.89626+00', '2025-08-17 23:23:57.019659+00', 100, '2025-08-17 23:23:57.019659+00'),
	('e4b113d0-85bf-4f8f-b48e-2eb35ea1e793', '64e318fd-5cf4-4ebf-aa27-ff6a9c50894c', 8, 'Getting Your Message Out There', '2025-08-17 19:29:55.89626+00', '2025-08-17 22:06:51.246934+00', 100, '2025-08-17 22:06:51.246934+00');


--
-- Data for Name: s3_multipart_uploads; Type: TABLE DATA; Schema: storage; Owner: supabase_storage_admin
--



--
-- Data for Name: s3_multipart_uploads_parts; Type: TABLE DATA; Schema: storage; Owner: supabase_storage_admin
--



--
-- Name: refresh_tokens_id_seq; Type: SEQUENCE SET; Schema: auth; Owner: supabase_auth_admin
--

SELECT pg_catalog.setval('"auth"."refresh_tokens_id_seq"', 278, true);


--
-- PostgreSQL database dump complete
--

RESET ALL;
